name,x_center,y_center,width,height
142100_CUSHIONS_front.png,0.49833333333333335,0.4984375,0.99,0.678125
142100_CUSHIONS_back.png,0.5016666666666667,0.505,0.9466666666666667,0.68375
142101_CUSHIONS_front.png,0.49541666666666667,0.503125,0.9725,0.7
142101_CUSHIONS_back.png,0.495,0.4996875,0.96,0.691875
142102_NAPKIN_front.png,0.5033333333333333,0.5021875,0.9616666666666667,0.723125
142102_NAPKIN_back.png,0.5,0.45,1.0,0.9
142103_TABLE CLOTH_front.png,0.5370833333333334,0.5128125,0.3725,0.711875
142103_TABLE CLOTH_back.png,0.5370833333333334,0.5128125,0.3725,0.711875
142104_TABLE CLOTH_front.png,0.5370833333333334,0.5128125,0.3725,0.711875
142104_TABLE CLOTH_back.png,0.5370833333333334,0.5128125,0.3725,0.711875
142105_TABLE CLOTH_front.png,0.4775,0.4740625,0.955,0.865625
142105_TABLE CLOTH_back.png,0.6833333333333333,0.390625,0.6333333333333333,0.7125
142106_TABLE CLOTH_front.png,0.5,0.4465625,1.0,0.893125
142106_TABLE CLOTH_back.png,0.81625,0.7809375,0.2125,0.080625
142113_DRESS_front.png,0.4995833333333333,0.479375,0.9608333333333333,0.78125
142113_DRESS_back.png,0.4920833333333333,0.4890625,0.9658333333333333,0.783125
142114_DRESS_front.png,0.49833333333333335,0.4709375,0.9833333333333333,0.698125
142115_CARPETS_front.png,0.5166666666666667,0.5115625,0.8266666666666667,0.928125
142114_DRESS_back.png,0.4979166666666667,0.4728125,0.9775,0.808125
142115_CARPETS_back.png,0.5166666666666667,0.5115625,0.8266666666666667,0.928125
142116_CARPETS_front.png,0.5166666666666667,0.5115625,0.8266666666666667,0.928125
142116_CARPETS_back.png,0.5166666666666667,0.5115625,0.8266666666666667,0.928125
142117_CARPETS_front.png,0.46208333333333335,0.4890625,0.9241666666666667,0.978125
142117_CARPETS_back.png,0.46208333333333335,0.4890625,0.9241666666666667,0.978125
142118_CARPETS_front.png,0.49083333333333334,0.5,0.9816666666666667,0.38875
142118_CARPETS_back.png,0.49166666666666664,0.5003125,0.9833333333333333,0.388125
142119_CARPETS_front.png,0.49083333333333334,0.5,0.9816666666666667,0.38875
142119_CARPETS_back.png,0.49583333333333335,0.50625,0.9916666666666667,0.3875
142120_CARPETS_front.png,0.46208333333333335,0.4890625,0.9241666666666667,0.978125
142120_CARPETS_back.png,0.46208333333333335,0.4890625,0.9241666666666667,0.978125
142121_CARPETS_front.png,0.5154166666666666,0.490625,0.8558333333333333,0.98125
142121_CARPETS_back.png,0.5154166666666666,0.490625,0.8558333333333333,0.98125
142122_CARPETS_front.png,0.5154166666666666,0.490625,0.8558333333333333,0.98125
142122_CARPETS_back.png,0.5154166666666666,0.490625,0.8558333333333333,0.98125
142123_CARPETS_front.png,0.50625,0.498125,0.8908333333333334,0.6625
142123_CARPETS_back.png,0.5,0.5475,1.0,0.38
142125_CARPETS_front.png,0.5033333333333333,0.4984375,0.9666666666666667,0.714375
142125_CARPETS_back.png,0.5,0.3084375,1.0,0.616875
142126_CHARGER PLATES_front.png,0.4945833333333333,0.48875,0.9625,0.72125
142126_CHARGER PLATES_back.png,0.5,0.518125,1.0,0.42375
142127_CHARGER PLATES_front.png,0.48875,0.4878125,0.7658333333333334,0.569375
142127_CHARGER PLATES_back.png,0.4979166666666667,0.5046875,0.9658333333333333,0.501875
142128_COTTON BOX_front.png,0.5091666666666667,0.51875,0.9533333333333334,0.76625
142128_COTTON BOX_back.png,0.4995833333333333,0.48875,0.9858333333333333,0.49625
142129_TUMBLERS_front.png,0.5033333333333333,0.49625,0.9933333333333333,0.67125
142129_TUMBLERS_back.png,0.5033333333333333,0.49625,0.9933333333333333,0.67125
142130_BATH MATS_front.png,0.5025,0.5046875,0.9616666666666667,0.445625
142130_BATH MATS_back.png,0.49833333333333335,0.4996875,0.9633333333333334,0.461875
142131_TUMBLERS_front.png,0.7483333333333333,0.4890625,0.4633333333333333,0.563125
142131_TUMBLERS_back.png,0.7525,0.4890625,0.47,0.569375
142132_BOXES_front.png,0.48375,0.504375,0.8825,0.45875
142132_BOXES_back.png,0.49833333333333335,0.534375,0.885,0.5875
142133_BOXES_front.png,0.49375,0.496875,0.9375,0.475
142133_BOXES_back.png,0.5116666666666667,0.5046875,0.8483333333333334,0.515625
142134_BOXES_front.png,0.5058333333333334,0.5084375,0.925,0.485625
142134_BOXES_back.png,0.5029166666666667,0.5109375,0.9291666666666667,0.589375
142135_BOXES_front.png,0.505,0.491875,0.9533333333333334,0.49625
142135_BOXES_back.png,0.4870833333333333,0.5078125,0.8625,0.534375
142136_BOXES_front.png,0.5029166666666667,0.5009375,0.9941666666666666,0.601875
142138_DECORATIVE PIECES_front.png,0.8016666666666666,0.65125,0.37166666666666665,0.45375
142138_DECORATIVE PIECES_back.png,0.49666666666666665,0.5396875,0.975,0.304375
142139_DECORATIVE PIECES_front.png,0.49041666666666667,0.4796875,0.9441666666666667,0.934375
142139_DECORATIVE PIECES_back.png,0.49375,0.495625,0.9875,0.29375
142155_CARPETS_front.png,0.49416666666666664,0.5,0.85,0.93875
142155_CARPETS_back.png,0.5,0.5,1.0,1.0
142156_CARPETS_front.png,0.49416666666666664,0.5,0.85,0.93875
142156_CARPETS_back.png,0.5,0.5,1.0,1.0
142157_CARPETS_front.png,0.5,0.4715625,1.0,0.525625
142157_CARPETS_back.png,0.5,0.3984375,1.0,0.796875
142158_CARPETS_front.png,0.5158333333333334,0.505,0.8316666666666667,0.95375
142158_CARPETS_back.png,0.38458333333333333,0.464375,0.7691666666666667,0.92875
142159_CARPETS_front.png,0.48333333333333334,0.5046875,0.8766666666666667,0.953125
142159_CARPETS_back.png,0.38083333333333336,0.483125,0.7616666666666667,0.96625
142160_CARPETS_front.png,0.4820833333333333,0.499375,0.8925,0.96875
142160_CARPETS_back.png,0.36541666666666667,0.46875,0.7308333333333333,0.9375
142161_CARPETS_front.png,0.4995833333333333,0.5015625,0.9058333333333334,0.965625
142161_CARPETS_back.png,0.3620833333333333,0.46875,0.7241666666666666,0.9375
142162_CARPETS_front.png,0.4995833333333333,0.5015625,0.9058333333333334,0.965625
142162_CARPETS_back.png,0.3620833333333333,0.46875,0.7241666666666666,0.9375
142163_CARPETS_front.png,0.5083333333333333,0.4965625,0.8766666666666667,0.953125
142163_CARPETS_back.png,0.5,0.4875,1.0,0.975
142164_CARPETS_front.png,0.5083333333333333,0.4965625,0.8766666666666667,0.953125
142164_CARPETS_back.png,0.5,0.4875,1.0,0.975
142165_CARPETS_front.png,0.5004166666666666,0.496875,0.8758333333333334,0.96875
142165_CARPETS_back.png,0.36083333333333334,0.459375,0.7216666666666667,0.91875
142166_CARPETS_front.png,0.5004166666666666,0.496875,0.8758333333333334,0.96875
142166_CARPETS_back.png,0.36083333333333334,0.459375,0.7216666666666667,0.91875
142167_CARPETS_front.png,0.5020833333333333,0.4971875,0.9508333333333333,0.723125
142167_CARPETS_back.png,0.44333333333333336,0.4925,0.8866666666666667,0.985
142180_TOP_front.png,0.49583333333333335,0.4525,0.9733333333333334,0.805
142180_TOP_back.png,0.49833333333333335,0.505625,0.97,0.78625
142323_PLACE MAT_front.png,0.5029166666666667,0.5028125,0.9541666666666667,0.696875
142323_PLACE MAT_back.png,0.5008333333333334,0.4925,0.94,0.3875
142324_PLACE MAT_front.png,0.5004166666666666,0.5028125,0.9358333333333333,0.684375
142324_PLACE MAT_back.png,0.49083333333333334,0.4928125,0.9216666666666666,0.419375
142325_PLACE MAT_front.png,0.4975,0.4890625,0.9333333333333333,0.681875
142325_PLACE MAT_back.png,0.49625,0.55125,0.9308333333333333,0.445
142326_PLACE MAT_front.png,0.5083333333333333,0.5075,0.8966666666666666,0.65
142326_PLACE MAT_back.png,0.49666666666666665,0.5171875,0.9433333333333334,0.451875
142328_RUNNER_front.png,0.53,0.5209375,0.7466666666666667,0.909375
142328_RUNNER_back.png,0.5191666666666667,0.490625,0.9616666666666667,0.77
142329_RUNNER_front.png,0.53,0.5209375,0.7466666666666667,0.909375
142329_RUNNER_back.png,0.5191666666666667,0.490625,0.9616666666666667,0.77
142331_CUSHIONS_front.png,0.49541666666666667,0.495,0.9908333333333333,0.72125
142331_CUSHIONS_back.png,0.49333333333333335,0.5015625,0.9866666666666667,0.721875
142332_CUSHIONS_front.png,0.4975,0.4965625,0.98,0.718125
142332_CUSHIONS_back.png,0.5025,0.5034375,0.9766666666666667,0.719375
142333_PLACE MAT_front.png,0.5029166666666667,0.505,0.9691666666666666,0.74625
142333_PLACE MAT_back.png,0.5266666666666666,0.4771875,0.9466666666666667,0.718125
142334_NAPKIN_front.png,0.5216666666666666,0.50125,0.9033333333333333,0.715
142334_NAPKIN_back.png,0.51875,0.5359375,0.8991666666666667,0.728125
142335_NAPKIN_front.png,0.5083333333333333,0.436875,0.9216666666666666,0.6675
142335_NAPKIN_back.png,0.5345833333333333,0.509375,0.9125,0.75
142336_POUF_front.png,0.5029166666666667,0.506875,0.9358333333333333,0.6925
142336_POUF_back.png,0.5029166666666667,0.5090625,0.9291666666666667,0.686875
142337_PLACE MAT_front.png,0.4975,0.51875,0.9766666666666667,0.74375
142337_PLACE MAT_back.png,0.5266666666666666,0.4771875,0.9466666666666667,0.718125
142338_POUF_front.png,0.49375,0.5184375,0.9541666666666667,0.523125
142338_POUF_back.png,0.49083333333333334,0.5296875,0.9433333333333334,0.583125
142339_TABLE CLOTH_front.png,0.4479166666666667,0.5,0.4691666666666667,1.0
142339_TABLE CLOTH_back.png,0.455,0.5965625,0.4116666666666667,0.806875
142340_TABLE CLOTH_front.png,0.4479166666666667,0.5,0.4691666666666667,1.0
142340_TABLE CLOTH_back.png,0.455,0.5965625,0.4116666666666667,0.806875
142341_PLACE MAT_front.png,0.50125,0.5078125,0.8508333333333333,0.483125
142341_PLACE MAT_back.png,0.50125,0.5078125,0.8508333333333333,0.483125
142342_PLACE MAT_front.png,0.5016666666666667,0.5059375,0.9216666666666666,0.463125
142342_PLACE MAT_back.png,0.50625,0.529375,0.9875,0.92875
142343_PLACE MAT_front.png,0.5004166666666666,0.4775,0.9491666666666667,0.72375
142343_PLACE MAT_back.png,0.5266666666666666,0.4771875,0.9466666666666667,0.718125
142344_PLACE MAT_front.png,0.49916666666666665,0.4721875,0.9266666666666666,0.680625
142344_PLACE MAT_back.png,0.5266666666666666,0.4771875,0.9466666666666667,0.718125
142370_PLACE MAT_front.png,0.48875,0.496875,0.9375,0.7125
142370_PLACE MAT_back.png,0.5004166666666666,0.466875,0.9841666666666666,0.72375
142371_PLACE MAT_front.png,0.49833333333333335,0.509375,0.9966666666666667,0.71
142371_PLACE MAT_back.png,0.4891666666666667,0.5071875,0.9783333333333334,0.701875
142372_BOXES_front.png,0.5078125,0.48125,0.9671875,0.7390625
142372_BOXES_back.png,0.5078125,0.48125,0.9671875,0.7390625
142386_CUTLERY_front.png,0.11833333333333333,0.5565625,0.175,0.604375
142386_CUTLERY_back.png,0.64125,0.8015625,0.7058333333333333,0.284375
142387_CUTLERY_front.png,0.645,0.51125,0.25,0.96625
142387_CUTLERY_back.png,0.6458333333333334,0.51875,0.25,0.925
142388_CUTLERY_front.png,0.49,0.488125,0.9533333333333334,0.605
142388_CUTLERY_back.png,0.44208333333333333,0.5478125,0.8841666666666667,0.576875
142389_CUTLERY_front.png,0.50625,0.4796875,0.9625,0.601875
142389_CUTLERY_back.png,0.5275,0.54125,0.945,0.43625
142390_DECORATIVE PIECES_front.png,0.50875,0.5134375,0.5625,0.839375
142390_DECORATIVE PIECES_back.png,0.27291666666666664,0.5578125,0.4708333333333333,0.395625
142391_TABLE LAMP_front.png,0.497265625,0.501953125,0.53828125,0.90859375
142391_TABLE LAMP_back.png,0.497265625,0.501953125,0.53828125,0.90859375
142393_STOOLS_front.png,0.49333333333333335,0.5390625,0.885,0.669375
142393_STOOLS_back.png,0.5008333333333334,0.4746875,0.83,0.635625
142394_DECORATIVE PIECES_front.png,0.49333333333333335,0.4946875,0.49666666666666665,0.783125
142394_DECORATIVE PIECES_back.png,0.2525,0.5528125,0.4533333333333333,0.373125
142396_TABLE LAMP_front.png,0.4970833333333333,0.4975,0.6675,0.9775
142396_TABLE LAMP_back.png,0.4970833333333333,0.4975,0.6675,0.9775
142398_DECORATIVE PIECES_front.png,0.4945833333333333,0.510625,0.5025,0.78875
142398_DECORATIVE PIECES_back.png,0.2704166666666667,0.6015625,0.4625,0.356875
142401_TABLE LAMP_front.png,0.4859375,0.7390625,0.396875,0.440625
142401_TABLE LAMP_back.png,0.4859375,0.7390625,0.396875,0.440625
142404_DECORATIVE PIECES_front.png,0.48375,0.5134375,0.5108333333333334,0.795625
142404_DECORATIVE PIECES_back.png,0.25375,0.6315625,0.44583333333333336,0.335625
142405_CAKE STAND_front.png,0.48083333333333333,0.5053125,0.63,0.929375
142405_CAKE STAND_back.png,0.5091666666666667,0.4753125,0.5416666666666666,0.825625
142406_TABLE LAMP_front.png,0.5203125,0.4984375,0.684375,0.915625
142406_TABLE LAMP_back.png,0.5203125,0.4984375,0.684375,0.915625
142407_TABLE LAMP_front.png,0.50078125,0.69296875,0.4265625,0.540625
142407_TABLE LAMP_back.png,0.50078125,0.69296875,0.4265625,0.540625
142408_TABLE LAMP_front.png,0.491796875,0.4953125,0.56328125,0.959375
142408_TABLE LAMP_back.png,0.491796875,0.4953125,0.56328125,0.959375
142409_TABLE LAMP_front.png,0.48,0.50375,0.7083333333333334,0.95
142409_TABLE LAMP_back.png,0.48,0.50375,0.7083333333333334,0.95
142410_TABLE LAMP_front.png,0.49375,0.484375,0.7008333333333333,0.9
142410_TABLE LAMP_back.png,0.49375,0.484375,0.7008333333333333,0.9
142411_TABLE LAMP_front.png,0.499609375,0.494140625,0.54765625,0.87421875
142411_TABLE LAMP_back.png,0.499609375,0.494140625,0.54765625,0.87421875
142412_TABLE LAMP_front.png,0.5,0.509765625,0.58125,0.98046875
142412_TABLE LAMP_back.png,0.5,0.509765625,0.58125,0.98046875
142413_COASTERS_front.png,0.24083333333333334,0.709375,0.435,0.36125
142413_COASTERS_back.png,0.45625,0.5090625,0.8375,0.505625
142414_NAPKIN RING_front.png,0.509375,0.49609375,0.878125,0.5109375
142414_NAPKIN RING_back.png,0.509375,0.49609375,0.878125,0.5109375
142415_NAPKIN RING_front.png,0.6316666666666667,0.52625,0.23,0.165
142415_NAPKIN RING_back.png,0.8804166666666666,0.504375,0.22916666666666666,0.1575
142416_COASTERS_front.png,0.49916666666666665,0.4721875,0.9266666666666666,0.680625
142416_COASTERS_back.png,0.5266666666666666,0.4771875,0.9466666666666667,0.718125
142417_COASTERS_front.png,0.4975,0.51875,0.9766666666666667,0.74375
142417_COASTERS_back.png,0.5266666666666666,0.4771875,0.9466666666666667,0.718125
142418_COASTERS_front.png,0.5004166666666666,0.4775,0.9491666666666667,0.72375
142418_COASTERS_back.png,0.5266666666666666,0.4771875,0.9466666666666667,0.718125
142419_COASTERS_front.png,0.5029166666666667,0.505,0.9691666666666666,0.74625
142419_COASTERS_back.png,0.5266666666666666,0.4771875,0.9466666666666667,0.718125
142420_DECORATIVE PIECES_front.png,0.287890625,0.4890625,0.39296875,0.6375
142420_DECORATIVE PIECES_back.png,0.287890625,0.4890625,0.39296875,0.6375
142421_TABLE LAMP_front.png,0.4841666666666667,0.496875,0.6633333333333333,0.99375
142421_TABLE LAMP_back.png,0.4841666666666667,0.496875,0.6633333333333333,0.99375
142422_TABLE LAMP_front.png,0.51125,0.4934375,0.8475,0.963125
142422_TABLE LAMP_back.png,0.5158333333333334,0.491875,0.8316666666666667,0.94
142424_TABLE LAMP_front.png,0.506640625,0.50234375,0.49921875,0.8078125
142424_TABLE LAMP_back.png,0.506640625,0.50234375,0.49921875,0.8078125
142425_CHARGER PLATES_front.png,0.50625,0.5190625,0.9558333333333333,0.719375
142425_CHARGER PLATES_back.png,0.49166666666666664,0.4915625,0.9833333333333333,0.710625
142426_CHARGER PLATES_front.png,0.5033333333333333,0.459375,0.975,0.7925
142426_CHARGER PLATES_back.png,0.5016666666666667,0.4828125,0.9633333333333334,0.803125
142427_CHARGER PLATES_front.png,0.49666666666666665,0.4803125,0.9933333333333333,0.753125
142427_CHARGER PLATES_back.png,0.49666666666666665,0.475,0.9933333333333333,0.75
142428_BOXES_front.png,0.5016666666666667,0.5109375,0.99,0.696875
142428_BOXES_back.png,0.5045833333333334,0.498125,0.9725,0.97125
142429_BOXES_front.png,0.5029166666666667,0.5140625,0.9625,0.640625
142429_BOXES_back.png,0.50625,0.5015625,0.9875,0.915625
142430_DECORATIVE PIECES_front.png,0.287890625,0.4890625,0.39296875,0.6375
142430_DECORATIVE PIECES_back.png,0.287890625,0.4890625,0.39296875,0.6375
142431_DECORATIVE PIECES_front.png,0.48291666666666666,0.485625,0.7458333333333333,0.89625
142431_DECORATIVE PIECES_back.png,0.49333333333333335,0.50875,0.935,0.43625
142432_COASTERS_front.png,0.5041666666666667,0.4878125,0.835,0.630625
142432_COASTERS_back.png,0.5016666666666667,0.5065625,0.9583333333333334,0.719375
142433_SERVING TRAYS_front.png,0.5029166666666667,0.4475,0.9625,0.26625
142433_SERVING TRAYS_back.png,0.4995833333333333,0.50125,0.9508333333333333,0.49625
142434_SERVING TRAYS_front.png,0.5029166666666667,0.4475,0.9625,0.26625
142434_SERVING TRAYS_back.png,0.4995833333333333,0.50125,0.9508333333333333,0.49625
142435_DRINKING GLASSES_front.png,0.495,0.504375,0.8283333333333334,0.94625
142435_DRINKING GLASSES_back.png,0.4970833333333333,0.5365625,0.9208333333333333,0.585625
142436_CHARGER PLATES_front.png,0.5183333333333333,0.53375,0.81,0.60125
142436_CHARGER PLATES_back.png,0.4920833333333333,0.535625,0.9591666666666666,0.50125
142437_CUTLERY_front.png,0.33666666666666667,0.5328125,0.3333333333333333,0.878125
142437_CUTLERY_back.png,0.46708333333333335,0.54125,0.30916666666666665,0.88125
142438_CHARGER PLATES_front.png,0.5041666666666667,0.5246875,0.875,0.624375
142438_CHARGER PLATES_back.png,0.5045833333333334,0.5459375,0.9341666666666667,0.476875
142439_CUTLERY_front.png,0.40541666666666665,0.4284375,0.20416666666666666,0.761875
142439_CUTLERY_back.png,0.3441666666666667,0.5040625,0.32666666666666666,0.924375
142440_CUTLERY_front.png,0.6016666666666667,0.384375,0.24166666666666667,0.6625
142440_CUTLERY_back.png,0.22833333333333333,0.464375,0.21833333333333332,0.7975
142441_TABLE LAMP_front.png,0.5125,0.698125,0.6066666666666667,0.54
142441_TABLE LAMP_back.png,0.51375,0.7,0.5908333333333333,0.525
142442_TABLE LAMP_front.png,0.5204166666666666,0.506875,0.6141666666666666,0.915
142442_TABLE LAMP_back.png,0.43984375,0.454296875,0.6765625,0.77734375
142443_TABLE LAMP_front.png,0.380078125,0.4984375,0.41015625,0.971875
142443_TABLE LAMP_back.png,0.380078125,0.4984375,0.41015625,0.971875
142444_TABLE LAMP_front.png,0.5,0.51484375,0.503125,0.89375
142444_TABLE LAMP_back.png,0.5,0.51484375,0.503125,0.89375
142446_BOXES_front.png,0.496484375,0.498828125,0.85546875,0.62890625
142446_BOXES_back.png,0.496484375,0.498828125,0.85546875,0.62890625
142447_GARLAND_front.png,0.51484375,0.516796875,0.9578125,0.51015625
142447_GARLAND_back.png,0.51484375,0.516796875,0.9578125,0.51015625
142448_PLANTERS_front.png,0.50390625,0.42734375,0.2109375,0.8546875
142448_PLANTERS_back.png,0.50390625,0.42734375,0.2109375,0.8546875
142449_PLANTERS_front.png,0.5141666666666667,0.5378125,0.885,0.740625
142449_PLANTERS_back.png,0.5141666666666667,0.5378125,0.885,0.740625
142450_PLANTERS_front.png,0.5141666666666667,0.5378125,0.885,0.740625
142450_PLANTERS_back.png,0.5141666666666667,0.5378125,0.885,0.740625
142451_VASES_front.png,0.4841666666666667,0.530625,0.88,0.75
142451_VASES_back.png,0.48541666666666666,0.508125,0.9141666666666667,0.77625
142453_BOXES_front.png,0.504296875,0.5046875,0.88984375,0.6515625
142453_BOXES_back.png,0.504296875,0.5046875,0.88984375,0.6515625
142454_SERVING TRAYS_front.png,0.4891666666666667,0.5003125,0.8533333333333334,0.963125
142454_SERVING TRAYS_back.png,0.5033333333333333,0.5140625,0.9733333333333334,0.548125
142455_PLANTERS_front.png,0.49833333333333335,0.5384375,0.9783333333333334,0.664375
142455_PLANTERS_back.png,0.5,0.5153125,0.9666666666666667,0.649375
142456_PLANTERS_front.png,0.491015625,0.521484375,0.76796875,0.76171875
142456_PLANTERS_back.png,0.491015625,0.521484375,0.76796875,0.76171875
142457_PLANTERS_front.png,0.5004166666666666,0.5190625,0.9541666666666667,0.881875
142457_PLANTERS_back.png,0.49916666666666665,0.5378125,0.9466666666666667,0.879375
142459_WATERING CAN_front.png,0.45234375,0.551171875,0.25625,0.30859375
142459_WATERING CAN_back.png,0.45234375,0.551171875,0.25625,0.30859375
142461_SWEATSHIRT_front.png,0.5,0.5165625,1.0,0.820625
142461_SWEATSHIRT_back.png,0.49625,0.48625,0.9791666666666666,0.8025
142462_SHIRT_front.png,0.48791666666666667,0.5,0.7375,0.99375
142462_SHIRT_back.png,0.45916666666666667,0.49125,0.6666666666666666,0.9575
142463_JACKET_front.png,0.495,0.4459375,0.975,0.718125
142463_JACKET_back.png,0.49833333333333335,0.4603125,0.9566666666666667,0.738125
142464_SWEATSHIRT_front.png,0.49833333333333335,0.5015625,0.9966666666666667,0.815625
142464_SWEATSHIRT_back.png,0.5,0.5028125,1.0,0.619375
142465_SWEATERS_front.png,0.5020833333333333,0.5153125,0.9708333333333333,0.786875
142465_SWEATERS_back.png,0.4970833333333333,0.52375,0.9941666666666666,0.78875
142467_SWEATSHIRT_front.png,0.49666666666666665,0.475,0.98,0.7375
142467_SWEATSHIRT_back.png,0.5025,0.4675,0.9483333333333334,0.74125
142497_SWEATERS_back.png,0.5,0.5009375,1.0,0.374375
142498_SWEATSHIRT_front.png,0.49666666666666665,0.515,0.98,0.4525
142498_SWEATSHIRT_back.png,0.4970833333333333,0.5140625,0.9808333333333333,0.453125
142499_SHIRT_front.png,0.4716666666666667,0.501875,0.8166666666666667,0.985
142497_SWEATERS_front.png,0.49541666666666667,0.495625,0.9775,0.42625
142499_SHIRT_back.png,0.5016666666666667,0.503125,0.6983333333333334,0.97375
142500_SWEATERS_front.png,0.49875,0.499375,0.9841666666666666,0.66375
142500_SWEATERS_back.png,0.4995833333333333,0.5003125,0.9858333333333333,0.566875
142501_SWEATERS_front.png,0.5,0.53875,1.0,0.72125
142501_SWEATERS_back.png,0.5,0.5484375,0.9866666666666667,0.778125
142502_SWEATSHIRT_front.png,0.5,0.5015625,1.0,0.521875
142502_SWEATSHIRT_back.png,0.5,0.4828125,1.0,0.778125
142504_JACKET_front.png,0.4979166666666667,0.470625,0.9675,0.51
142504_JACKET_back.png,0.49833333333333335,0.4921875,0.99,0.538125
142505_SWEATERS_front.png,0.49625,0.475,0.9808333333333333,0.85
142505_SWEATERS_back.png,0.5,0.504375,1.0,0.7775
142506_TOP_front.png,0.49875,0.5046875,0.9825,0.590625
142506_TOP_back.png,0.5,0.5003125,1.0,0.566875
142507_SWEATERS_front.png,0.495,0.4675,0.9716666666666667,0.79
142507_SWEATERS_back.png,0.49541666666666667,0.490625,0.9841666666666666,0.885
142508_JUMPSUITS_front.png,0.49125,0.4896875,0.9408333333333333,0.970625
142508_JUMPSUITS_back.png,0.49416666666666664,0.5,0.845,1.0
142509_TOP_front.png,0.50375,0.4996875,0.9775,0.799375
142509_TOP_back.png,0.49333333333333335,0.5415625,0.9866666666666667,0.643125
142510_DRESS_front.png,0.4995833333333333,0.4984375,0.9941666666666666,0.620625
142510_DRESS_back.png,0.5,0.49875,1.0,0.635
142511_DRESS_front.png,0.50125,0.5,0.9841666666666666,0.88
142511_DRESS_back.png,0.5,0.5009375,0.985,0.883125
142512_SWEATSHIRT_front.png,0.5,0.5003125,0.9866666666666667,0.518125
142512_SWEATSHIRT_back.png,0.49833333333333335,0.5003125,0.9966666666666667,0.524375
142513_SWEATERS_front.png,0.5004166666666666,0.50125,0.9875,0.565
142513_SWEATERS_back.png,0.4995833333333333,0.4996875,0.9858333333333333,0.586875
142515_SWEATERS_front.png,0.5004166666666666,0.518125,0.9675,0.52375
142515_SWEATERS_back.png,0.49916666666666665,0.5003125,0.9833333333333333,0.560625
142516_DRESS_front.png,0.4995833333333333,0.5021875,0.9875,0.896875
142516_DRESS_back.png,0.5004166666666666,0.5003125,0.9858333333333333,0.880625
142518_SWEATSHIRT_front.png,0.5004166666666666,0.4996875,0.9941666666666666,0.555625
142518_SWEATSHIRT_back.png,0.4995833333333333,0.5025,0.9941666666666666,0.54625
142519_SKIRT_front.png,0.4995833333333333,0.4996875,0.9858333333333333,0.535625
142519_SKIRT_back.png,0.5,0.4996875,0.9866666666666667,0.504375
142520_SWEATERS_front.png,0.4979166666666667,0.5059375,0.9708333333333333,0.805625
142520_SWEATERS_back.png,0.51,0.505,0.98,0.74125
142521_SWEATERS_front.png,0.5,0.4809375,0.9733333333333334,0.736875
142521_SWEATERS_back.png,0.50125,0.5253125,0.9841666666666666,0.724375
142523_BLOUSE_front.png,0.4979166666666667,0.498125,0.9908333333333333,0.5025
142523_BLOUSE_back.png,0.5,0.499375,0.9866666666666667,0.49875
142524_RUGS_front.png,0.5140625,0.5015625,0.6140625,0.884375
142524_RUGS_back.png,0.5140625,0.5015625,0.6140625,0.884375
142525_RUGS_front.png,0.5008333333333334,0.504375,0.8316666666666667,0.95875
142526_RUGS_front.png,0.5008333333333334,0.5065625,0.845,0.974375
142526_RUGS_back.png,0.4953125,0.5,0.990625,1.0
142527_RUGS_front.png,0.5140625,0.5015625,0.6140625,0.884375
142527_RUGS_back.png,0.52,0.5015625,0.805,0.871875
142528_RUGS_front.png,0.49921875,0.5328125,0.8875,0.8703125
142528_RUGS_back.png,0.5,0.524609375,1.0,0.83828125
142529_RUGS_front.png,0.516796875,0.5109375,0.61328125,0.890625
142529_RUGS_back.png,0.516796875,0.5109375,0.61328125,0.890625
142530_RUGS_front.png,0.516796875,0.5109375,0.61328125,0.890625
142530_RUGS_back.png,0.516796875,0.5109375,0.61328125,0.890625
142531_DECORATIVE PIECES_front.png,0.49833333333333335,0.5671875,0.6933333333333334,0.544375
142531_DECORATIVE PIECES_back.png,0.5029166666666667,0.5396875,0.7108333333333333,0.526875
142532_DECORATIVE PIECES_front.png,0.49,0.52625,0.6866666666666666,0.5875
142532_DECORATIVE PIECES_back.png,0.5070833333333333,0.5309375,0.6141666666666666,0.473125
142533_DECORATIVE PIECES_front.png,0.5125,0.745625,0.81,0.4525
142533_DECORATIVE PIECES_back.png,0.5070833333333333,0.7365625,0.8225,0.468125
142534_DECORATIVE PIECES_front.png,0.49833333333333335,0.51875,0.8133333333333334,0.50375
142534_DECORATIVE PIECES_back.png,0.4945833333333333,0.5290625,0.8641666666666666,0.425625
142540_CHRISTMAS ORNAMENT_front.png,0.49541666666666667,0.4515625,0.9658333333333333,0.903125
142540_CHRISTMAS ORNAMENT_back.png,0.47833333333333333,0.498125,0.8316666666666667,0.72875
142546_BOXES_front.png,0.49666666666666665,0.498125,0.9133333333333333,0.34625
142546_BOXES_back.png,0.487109375,0.516796875,0.90546875,0.55234375
142549_CHRISTMAS ORNAMENT_front.png,0.5004166666666666,0.490625,0.6358333333333334,0.98125
142549_CHRISTMAS ORNAMENT_back.png,0.47541666666666665,0.4821875,0.4525,0.964375
142553_CHRISTMAS ORNAMENT_front.png,0.49333333333333335,0.4615625,0.915,0.923125
142553_CHRISTMAS ORNAMENT_back.png,0.50375,0.478125,0.9341666666666667,0.95625
142554_CHRISTMAS ORNAMENT_front.png,0.48583333333333334,0.4915625,0.9333333333333333,0.844375
142554_CHRISTMAS ORNAMENT_back.png,0.4841666666666667,0.51625,0.9366666666666666,0.845
142555_CHRISTMAS ORNAMENT_front.png,0.51125,0.4934375,0.5175,0.980625
142555_CHRISTMAS ORNAMENT_back.png,0.43041666666666667,0.4996875,0.4675,0.993125
142556_CHRISTMAS ORNAMENT_front.png,0.4945833333333333,0.44625,0.9708333333333333,0.8925
142556_CHRISTMAS ORNAMENT_back.png,0.5079166666666667,0.48125,0.9841666666666666,0.9625
142558_CHRISTMAS ORNAMENT_front.png,0.53125,0.4625,0.6541666666666667,0.925
142558_CHRISTMAS ORNAMENT_back.png,0.49,0.543125,0.5316666666666666,0.71875
142559_CHRISTMAS ORNAMENT_front.png,0.52125,0.493125,0.8058333333333333,0.94625
142559_CHRISTMAS ORNAMENT_back.png,0.48875,0.4759375,0.9591666666666666,0.951875
142560_CHRISTMAS ORNAMENT_front.png,0.49625,0.495625,0.8358333333333333,0.99125
142560_CHRISTMAS ORNAMENT_back.png,0.5029166666666667,0.4821875,0.8025,0.964375
142561_CHRISTMAS ORNAMENT_front.png,0.46291666666666664,0.4971875,0.49583333333333335,0.994375
142561_CHRISTMAS ORNAMENT_back.png,0.49833333333333335,0.48,0.43166666666666664,0.96
142562_CHRISTMAS ORNAMENT_front.png,0.5095833333333334,0.489375,0.4475,0.97875
142562_CHRISTMAS ORNAMENT_back.png,0.48791666666666667,0.5603125,0.3858333333333333,0.845625
142563_CHRISTMAS ORNAMENT_front.png,0.50875,0.4778125,0.8491666666666666,0.955625
142563_CHRISTMAS ORNAMENT_back.png,0.4975,0.6784375,0.5683333333333334,0.481875
142564_CHRISTMAS ORNAMENT_front.png,0.49916666666666665,0.463125,0.9916666666666667,0.92625
142564_CHRISTMAS ORNAMENT_back.png,0.4895833333333333,0.45125,0.9641666666666666,0.9025
142565_CHRISTMAS ORNAMENT_front.png,0.5125,0.123125,0.24333333333333335,0.24625
142565_CHRISTMAS ORNAMENT_back.png,0.5504166666666667,0.13125,0.2375,0.23125
142566_CHRISTMAS ORNAMENT_front.png,0.5079166666666667,0.6296875,0.9658333333333333,0.516875
142566_CHRISTMAS ORNAMENT_back.png,0.49916666666666665,0.6325,0.94,0.51
142567_CHRISTMAS ORNAMENT_front.png,0.5054166666666666,0.5084375,0.8525,0.683125
142567_CHRISTMAS ORNAMENT_back.png,0.44958333333333333,0.579375,0.7108333333333333,0.4525
142568_CHRISTMAS ORNAMENT_front.png,0.48625,0.490625,0.43416666666666665,0.98125
142568_CHRISTMAS ORNAMENT_back.png,0.47791666666666666,0.4925,0.2725,0.985
142569_CHRISTMAS ORNAMENT_front.png,0.5075,0.5190625,0.7266666666666667,0.913125
142569_CHRISTMAS ORNAMENT_back.png,0.5,0.608125,0.5366666666666666,0.72125
142570_CHRISTMAS ORNAMENT_front.png,0.49875,0.495,0.37583333333333335,0.99
142570_CHRISTMAS ORNAMENT_back.png,0.51375,0.441875,0.31416666666666665,0.865
142571_STOCKING_front.png,0.49333333333333335,0.4984375,0.78,0.996875
142571_STOCKING_back.png,0.5066666666666667,0.4975,0.7233333333333334,0.98375
142572_CHRISTMAS ORNAMENT_front.png,0.5108333333333334,0.446875,0.8383333333333334,0.89375
142572_CHRISTMAS ORNAMENT_back.png,0.48833333333333334,0.4671875,0.6983333333333334,0.921875
142580_CHRISTMAS ORNAMENT_front.png,0.4975,0.4584375,0.955,0.916875
142580_CHRISTMAS ORNAMENT_back.png,0.50375,0.4559375,0.9675,0.911875
142581_CHRISTMAS ORNAMENT_front.png,0.4970833333333333,0.4325,0.9941666666666666,0.865
142581_CHRISTMAS ORNAMENT_back.png,0.4979166666666667,0.45,0.9575,0.9
142582_CHRISTMAS ORNAMENT_front.png,0.49,0.466875,0.905,0.93375
142582_CHRISTMAS ORNAMENT_back.png,0.5266666666666666,0.5609375,0.89,0.815625
142584_CHRISTMAS ORNAMENT_front.png,0.5054166666666666,0.4575,0.9558333333333333,0.915
142584_CHRISTMAS ORNAMENT_back.png,0.49125,0.5934375,0.8108333333333333,0.786875
142586_CHRISTMAS ORNAMENT_front.png,0.5029166666666667,0.510625,0.9475,0.86875
142586_CHRISTMAS ORNAMENT_back.png,0.49166666666666664,0.5084375,0.9766666666666667,0.915625
142589_CHRISTMAS ORNAMENT_front.png,0.5366666666666666,0.4875,0.68,0.975
142589_CHRISTMAS ORNAMENT_back.png,0.4525,0.48375,0.8916666666666667,0.94
142590_CHRISTMAS ORNAMENT_front.png,0.4608333333333333,0.5209375,0.9216666666666666,0.865625
142590_CHRISTMAS ORNAMENT_back.png,0.5695833333333333,0.593125,0.7741666666666667,0.72375
142593_CHRISTMAS ORNAMENT_front.png,0.4970833333333333,0.5328125,0.9741666666666666,0.753125
142593_CHRISTMAS ORNAMENT_back.png,0.5,0.5428125,0.9683333333333334,0.743125
142594_CHRISTMAS ORNAMENT_front.png,0.51875,0.5015625,0.6108333333333333,0.996875
142594_CHRISTMAS ORNAMENT_back.png,0.47125,0.4946875,0.5558333333333333,0.953125
142595_CHRISTMAS ORNAMENT_front.png,0.49541666666666667,0.523125,0.9908333333333333,0.91
142595_CHRISTMAS ORNAMENT_back.png,0.47875,0.4965625,0.9575,0.893125
142596_CHRISTMAS ORNAMENT_front.png,0.475,0.493125,0.485,0.98625
142596_CHRISTMAS ORNAMENT_back.png,0.48833333333333334,0.4996875,0.4866666666666667,0.955625
142597_TREE COLLAR_front.png,0.49541666666666667,0.5253125,0.9658333333333333,0.593125
142597_TREE COLLAR_back.png,0.4979166666666667,0.5175,0.9308333333333333,0.57
142599_CHRISTMAS ORNAMENT_front.png,0.4920833333333333,0.50625,0.5208333333333334,0.96
142599_CHRISTMAS ORNAMENT_back.png,0.5066666666666667,0.1734375,0.23166666666666666,0.346875
142601_CHRISTMAS ORNAMENT_front.png,0.5008333333333334,0.479375,0.9733333333333334,0.64125
142601_CHRISTMAS ORNAMENT_back.png,0.5033333333333333,0.418125,0.9933333333333333,0.83625
142602_CHRISTMAS ORNAMENT_front.png,0.4945833333333333,0.458125,0.8141666666666667,0.91625
142602_CHRISTMAS ORNAMENT_back.png,0.5025,0.4840625,0.73,0.924375
142603_CHRISTMAS ORNAMENT_front.png,0.49333333333333335,0.5996875,0.29333333333333333,0.800625
142603_CHRISTMAS ORNAMENT_back.png,0.5120833333333333,0.503125,0.3425,0.99375
142604_CHRISTMAS ORNAMENT_front.png,0.4795833333333333,0.471875,0.9591666666666666,0.84875
142604_CHRISTMAS ORNAMENT_back.png,0.4891666666666667,0.5625,0.9783333333333334,0.7375
142605_CHRISTMAS ORNAMENT_front.png,0.47708333333333336,0.4990625,0.9208333333333333,0.979375
142605_CHRISTMAS ORNAMENT_back.png,0.5104166666666666,0.498125,0.9275,0.985
142606_CHRISTMAS ORNAMENT_front.png,0.4945833333333333,0.499375,0.9641666666666666,0.76125
142606_CHRISTMAS ORNAMENT_back.png,0.4683333333333333,0.4553125,0.9366666666666666,0.676875
142607_CHRISTMAS ORNAMENT_front.png,0.35583333333333333,0.30125,0.5433333333333333,0.54375
142607_CHRISTMAS ORNAMENT_back.png,0.48875,0.35375,0.26416666666666666,0.3925
142608_CHRISTMAS ORNAMENT_front.png,0.5108333333333334,0.471875,0.9283333333333333,0.85625
142608_CHRISTMAS ORNAMENT_back.png,0.5108333333333334,0.471875,0.9283333333333333,0.85625
142609_CHRISTMAS ORNAMENT_front.png,0.5,0.453125,1.0,0.90625
142609_CHRISTMAS ORNAMENT_back.png,0.5033333333333333,0.448125,0.9933333333333333,0.8625
142610_CHRISTMAS ORNAMENT_front.png,0.4979166666666667,0.4509375,0.9891666666666666,0.808125
142610_CHRISTMAS ORNAMENT_back.png,0.49541666666666667,0.481875,0.9775,0.8025
142611_CHRISTMAS ORNAMENT_front.png,0.49583333333333335,0.473125,0.9733333333333334,0.81875
142611_CHRISTMAS ORNAMENT_back.png,0.49666666666666665,0.468125,0.9933333333333333,0.8475
142613_CHRISTMAS ORNAMENT_front.png,0.5,0.6609375,0.225,0.413125
142613_CHRISTMAS ORNAMENT_back.png,0.48875,0.52,0.7891666666666667,0.635
142614_CHRISTMAS ORNAMENT_front.png,0.27416666666666667,0.4828125,0.52,0.434375
142614_CHRISTMAS ORNAMENT_back.png,0.4891666666666667,0.4565625,0.96,0.913125
142615_CHRISTMAS ORNAMENT_front.png,0.50125,0.514375,0.9275,0.71
142615_CHRISTMAS ORNAMENT_back.png,0.49541666666666667,0.48125,0.9658333333333333,0.725
142616_CHRISTMAS ORNAMENT_front.png,0.505,0.745,0.18833333333333332,0.35375
142616_CHRISTMAS ORNAMENT_back.png,0.4841666666666667,0.4478125,0.5483333333333333,0.895625
142617_CHRISTMAS ORNAMENT_front.png,0.5133333333333333,0.4546875,0.8183333333333334,0.909375
142617_CHRISTMAS ORNAMENT_back.png,0.5083333333333333,0.4528125,0.86,0.905625
142618_CHRISTMAS ORNAMENT_front.png,0.5033333333333333,0.4559375,0.875,0.911875
142618_CHRISTMAS ORNAMENT_back.png,0.48541666666666666,0.46875,0.8658333333333333,0.9375
142619_CHRISTMAS ORNAMENT_front.png,0.4995833333333333,0.70125,0.2991666666666667,0.335
142619_CHRISTMAS ORNAMENT_back.png,0.50625,0.4459375,0.4375,0.660625
142620_CHRISTMAS ORNAMENT_front.png,0.4875,0.5065625,0.61,0.950625
142620_CHRISTMAS ORNAMENT_back.png,0.48791666666666667,0.5146875,0.8175,0.970625
142621_CHRISTMAS ORNAMENT_front.png,0.4979166666666667,0.465625,0.9158333333333334,0.93125
142621_CHRISTMAS ORNAMENT_back.png,0.49916666666666665,0.4825,0.8983333333333333,0.95125
142622_CHRISTMAS ORNAMENT_front.png,0.5070833333333333,0.4265625,0.9708333333333333,0.853125
142622_CHRISTMAS ORNAMENT_back.png,0.4979166666666667,0.4553125,0.9775,0.910625
142623_RUNNER_front.png,0.44375,0.5003125,0.49916666666666665,0.969375
142623_RUNNER_back.png,0.42833333333333334,0.498125,0.5116666666666667,0.985
142624_CUSHIONS_front.png,0.49541666666666667,0.555,0.9908333333333333,0.71625
142624_CUSHIONS_back.png,0.4625,0.5171875,0.8816666666666667,0.658125
142625_RUNNER_front.png,0.5,0.5,0.2625,1.0
142625_RUNNER_back.png,0.5,0.5,0.2625,1.0
142626_RUNNER_front.png,0.4979166666666667,0.5028125,0.8641666666666666,0.994375
142626_RUNNER_back.png,0.5041666666666667,0.503125,0.95,0.95625
142627_RUNNER_front.png,0.48291666666666666,0.5,0.7191666666666666,0.98125
142627_RUNNER_back.png,0.5025,0.496875,0.9766666666666667,0.905
142630_RUNNER_front.png,0.49666666666666665,0.5028125,0.7,0.949375
142630_RUNNER_back.png,0.5,0.5,0.2625,1.0
142631_CUSHIONS_front.png,0.49875,0.4925,0.9908333333333333,0.70375
142631_CUSHIONS_back.png,0.49833333333333335,0.495625,0.9533333333333334,0.7025
142632_CUSHIONS_front.png,0.49416666666666664,0.49,0.9883333333333333,0.7425
142632_CUSHIONS_back.png,0.5,0.5090625,1.0,0.749375
142633_CUSHIONS_front.png,0.5,0.49375,1.0,0.74375
142633_CUSHIONS_back.png,0.5,0.484375,0.9816666666666667,0.7625
142635_CHRISTMAS ORNAMENT_front.png,0.5075,0.43875,0.83,0.8775
142635_CHRISTMAS ORNAMENT_back.png,0.5079166666666667,0.3853125,0.4575,0.770625
142636_CHRISTMAS ORNAMENT_front.png,0.5091666666666667,0.4003125,0.7816666666666666,0.800625
142636_CHRISTMAS ORNAMENT_back.png,0.5329166666666667,0.4946875,0.5691666666666667,0.501875
142637_CHRISTMAS ORNAMENT_front.png,0.4995833333333333,0.52375,0.9125,0.765
142637_CHRISTMAS ORNAMENT_back.png,0.495,0.5025,0.9016666666666666,0.71125
142638_CHRISTMAS ORNAMENT_front.png,0.4970833333333333,0.44375,0.8441666666666666,0.8875
142638_CHRISTMAS ORNAMENT_back.png,0.49375,0.4459375,0.9808333333333333,0.859375
142639_CHRISTMAS ORNAMENT_front.png,0.49375,0.473125,0.9691666666666666,0.67
142639_CHRISTMAS ORNAMENT_back.png,0.49375,0.473125,0.9691666666666666,0.67
142640_CHRISTMAS ORNAMENT_front.png,0.4816666666666667,0.4234375,0.895,0.846875
142640_CHRISTMAS ORNAMENT_back.png,0.497265625,0.493359375,0.83515625,0.85078125
142641_CHRISTMAS ORNAMENT_front.png,0.50375,0.4734375,0.8758333333333334,0.946875
142641_CHRISTMAS ORNAMENT_back.png,0.5045833333333334,0.45875,0.7758333333333334,0.9175
142642_DECORATIVE PIECES_front.png,0.4791666666666667,0.491875,0.9583333333333334,0.82
142642_DECORATIVE PIECES_back.png,0.5058333333333334,0.4953125,0.9883333333333333,0.834375
142643_CHRISTMAS ORNAMENT_front.png,0.50375,0.4525,0.8708333333333333,0.905
142643_CHRISTMAS ORNAMENT_back.png,0.5,0.42265625,0.46041666666666664,0.759375
142644_CHRISTMAS ORNAMENT_front.png,0.49625,0.4896875,0.9091666666666667,0.968125
142644_CHRISTMAS ORNAMENT_back.png,0.47541666666666665,0.6125,0.8975,0.66625
142645_CHRISTMAS ORNAMENT_front.png,0.49375,0.581875,0.5558333333333333,0.49625
142645_CHRISTMAS ORNAMENT_back.png,0.5083333333333333,0.4903125,0.43333333333333335,0.936875
142646_CHRISTMAS ORNAMENT_front.png,0.5091666666666667,0.47125,0.9366666666666666,0.9425
142646_CHRISTMAS ORNAMENT_back.png,0.49875,0.4684375,0.9441666666666667,0.936875
142647_CHRISTMAS ORNAMENT_front.png,0.5283333333333333,0.523125,0.65,0.8725
142647_CHRISTMAS ORNAMENT_back.png,0.5345833333333333,0.52875,0.6558333333333334,0.91125
142648_CHRISTMAS ORNAMENT_front.png,0.5008333333333334,0.466875,0.9533333333333334,0.93375
142648_CHRISTMAS ORNAMENT_back.png,0.5058333333333334,0.4846875,0.6233333333333333,0.943125
142649_CHRISTMAS ORNAMENT_front.png,0.49083333333333334,0.5171875,0.9816666666666667,0.771875
142649_CHRISTMAS ORNAMENT_back.png,0.50375,0.5153125,0.9925,0.756875
142650_CHRISTMAS ORNAMENT_front.png,0.49541666666666667,0.4625,0.9908333333333333,0.925
142650_CHRISTMAS ORNAMENT_back.png,0.475,0.375,0.65,0.75
142651_CHRISTMAS ORNAMENT_front.png,0.5108333333333334,0.5015625,0.55,0.984375
142651_CHRISTMAS ORNAMENT_back.png,0.5283333333333333,0.5771875,0.53,0.788125
142652_CHRISTMAS ORNAMENT_front.png,0.4791666666666667,0.45125,0.8583333333333333,0.9025
142652_CHRISTMAS ORNAMENT_back.png,0.49041666666666667,0.476875,0.6558333333333334,0.95375
142653_DECORATIVE PIECES_front.png,0.5,0.5,1.0,1.0
142653_DECORATIVE PIECES_back.png,0.5158333333333334,0.5078125,0.9683333333333334,0.740625
142654_CHRISTMAS ORNAMENT_front.png,0.49875,0.438125,0.9408333333333333,0.87625
142654_CHRISTMAS ORNAMENT_back.png,0.48875,0.329375,0.48583333333333334,0.65875
142655_CHRISTMAS ORNAMENT_front.png,0.5129166666666667,0.4703125,0.8158333333333333,0.940625
142655_CHRISTMAS ORNAMENT_back.png,0.5270833333333333,0.5196875,0.7508333333333334,0.813125
142656_CHRISTMAS ORNAMENT_front.png,0.5108333333333334,0.478125,0.7533333333333333,0.95625
142656_CHRISTMAS ORNAMENT_back.png,0.5120833333333333,0.4921875,0.7625,0.984375
142657_CHRISTMAS ORNAMENT_front.png,0.5,0.4953125,1.0,0.990625
142657_CHRISTMAS ORNAMENT_back.png,0.5,0.4953125,1.0,0.990625
142658_CHRISTMAS ORNAMENT_front.png,0.5154166666666666,0.5021875,0.7925,0.960625
142658_CHRISTMAS ORNAMENT_back.png,0.4970833333333333,0.5046875,0.8191666666666667,0.990625
142659_CHRISTMAS ORNAMENT_front.png,0.6566666666666666,0.49875,0.63,0.96625
142659_CHRISTMAS ORNAMENT_back.png,0.50625,0.509375,0.8375,0.98125
142660_CHRISTMAS ORNAMENT_front.png,0.50625,0.42625,0.9741666666666666,0.8525
142660_CHRISTMAS ORNAMENT_back.png,0.4970833333333333,0.4715625,0.9791666666666666,0.888125
142661_CHRISTMAS ORNAMENT_front.png,0.5020833333333333,0.424375,0.7391666666666666,0.84875
142661_CHRISTMAS ORNAMENT_back.png,0.5120833333333333,0.4840625,0.4325,0.961875
142662_CHRISTMAS ORNAMENT_front.png,0.4891666666666667,0.5184375,0.9783333333333334,0.741875
142662_CHRISTMAS ORNAMENT_back.png,0.49625,0.4978125,0.9741666666666666,0.926875
142663_CHRISTMAS ORNAMENT_front.png,0.5079166666666667,0.4725,0.8325,0.945
142663_CHRISTMAS ORNAMENT_back.png,0.50125,0.473125,0.8025,0.94625
142664_CHRISTMAS ORNAMENT_front.png,0.5033333333333333,0.4371875,0.8983333333333333,0.874375
142664_CHRISTMAS ORNAMENT_back.png,0.5116666666666667,0.5875,0.9266666666666666,0.6625
142665_CHRISTMAS ORNAMENT_front.png,0.5095833333333334,0.484375,0.7875,0.96875
142665_CHRISTMAS ORNAMENT_back.png,0.49166666666666664,0.484375,0.7883333333333333,0.96875
142666_CHRISTMAS ORNAMENT_front.png,0.50625,0.4825,0.8875,0.965
142666_CHRISTMAS ORNAMENT_back.png,0.4895833333333333,0.486875,0.8791666666666667,0.97375
142667_CHRISTMAS ORNAMENT_front.png,0.5241666666666667,0.495,0.485,0.98375
142667_CHRISTMAS ORNAMENT_back.png,0.51375,0.4959375,0.47583333333333333,0.968125
142668_CHRISTMAS ORNAMENT_front.png,0.4870833333333333,0.475625,0.9608333333333333,0.855
142668_CHRISTMAS ORNAMENT_back.png,0.5229166666666667,0.508125,0.8841666666666667,0.72375
142669_CHRISTMAS ORNAMENT_front.png,0.4945833333333333,0.52375,0.9175,0.68375
142669_CHRISTMAS ORNAMENT_back.png,0.5,0.509375,0.9933333333333333,0.7375
142670_CHRISTMAS ORNAMENT_front.png,0.5070833333333333,0.4796875,0.9458333333333333,0.889375
142670_CHRISTMAS ORNAMENT_back.png,0.4979166666666667,0.506875,0.9908333333333333,0.8525
142671_CHRISTMAS ORNAMENT_front.png,0.49875,0.4503125,0.8225,0.900625
142671_CHRISTMAS ORNAMENT_back.png,0.49875,0.4503125,0.8225,0.900625
142672_CHRISTMAS ORNAMENT_front.png,0.43583333333333335,0.5,0.8466666666666667,1.0
142672_CHRISTMAS ORNAMENT_back.png,0.5045833333333334,0.446875,0.7725,0.89375
142673_CHRISTMAS ORNAMENT_front.png,0.5141666666666667,0.4665625,0.72,0.933125
142673_CHRISTMAS ORNAMENT_back.png,0.51375,0.4925,0.4375,0.97875
142674_CHRISTMAS ORNAMENT_front.png,0.4795833333333333,0.4940625,0.7758333333333334,0.988125
142674_CHRISTMAS ORNAMENT_back.png,0.49875,0.4953125,0.9725,0.940625
142675_CHRISTMAS ORNAMENT_front.png,0.49666666666666665,0.4775,0.8216666666666667,0.955
142675_CHRISTMAS ORNAMENT_back.png,0.48041666666666666,0.4759375,0.8108333333333333,0.951875
142676_CHRISTMAS ORNAMENT_front.png,0.5133333333333333,0.4765625,0.22,0.953125
142676_CHRISTMAS ORNAMENT_back.png,0.5116666666666667,0.4740625,0.205,0.890625
142677_DECORATIVE PIECES_front.png,0.39416666666666667,0.53875,0.5483333333333333,0.8975
142677_DECORATIVE PIECES_back.png,0.39416666666666667,0.53875,0.5483333333333333,0.8975
142678_TREE COLLAR_front.png,0.49375,0.5203125,0.9725,0.501875
142678_TREE COLLAR_back.png,0.4979166666666667,0.5265625,0.9841666666666666,0.513125
142679_CHRISTMAS ORNAMENT_front.png,0.4891666666666667,0.38875,0.94,0.7775
142679_CHRISTMAS ORNAMENT_back.png,0.48333333333333334,0.3934375,0.5933333333333334,0.456875
142680_DECORATIVE PIECES_front.png,0.5004166666666666,0.5121875,0.9625,0.761875
142680_DECORATIVE PIECES_back.png,0.5016666666666667,0.4959375,0.99,0.758125
142681_CHRISTMAS ORNAMENT_front.png,0.5075,0.865625,0.32166666666666666,0.26875
142681_CHRISTMAS ORNAMENT_back.png,0.48583333333333334,0.52125,0.8783333333333333,0.94625
142682_STOCKING_front.png,0.49541666666666667,0.461875,0.8841666666666667,0.72375
142682_STOCKING_back.png,0.5004166666666666,0.476875,0.9858333333333333,0.82125
142683_CHRISTMAS ORNAMENT_front.png,0.4766666666666667,0.4840625,0.9533333333333334,0.968125
142683_CHRISTMAS ORNAMENT_back.png,0.5179166666666667,0.4828125,0.8958333333333334,0.965625
142684_CHRISTMAS ORNAMENT_front.png,0.5233333333333333,0.446875,0.9216666666666666,0.89375
142684_CHRISTMAS ORNAMENT_back.png,0.5158333333333334,0.5753125,0.5433333333333333,0.524375
142685_CHRISTMAS ORNAMENT_front.png,0.5170833333333333,0.493125,0.6158333333333333,0.98625
142685_CHRISTMAS ORNAMENT_back.png,0.48875,0.4959375,0.6308333333333334,0.980625
142686_STOCKING_front.png,0.5020833333333333,0.4965625,0.8391666666666666,0.988125
142686_STOCKING_back.png,0.49291666666666667,0.4946875,0.6608333333333334,0.989375
142687_CHRISTMAS ORNAMENT_front.png,0.5016666666666667,0.4521875,0.9766666666666667,0.760625
142687_CHRISTMAS ORNAMENT_back.png,0.5016666666666667,0.4521875,0.9766666666666667,0.760625
142688_TREE SKIRT_front.png,0.5,0.498125,1.0,0.74125
142688_TREE SKIRT_back.png,0.5025,0.480625,0.9766666666666667,0.74625
142689_CHRISTMAS ORNAMENT_front.png,0.4975,0.4596875,0.97,0.536875
142689_CHRISTMAS ORNAMENT_back.png,0.5004166666666666,0.45875,0.9741666666666666,0.53375
142690_TREE SKIRT_front.png,0.5008333333333334,0.481875,0.965,0.73625
142690_TREE SKIRT_back.png,0.49541666666666667,0.453125,0.9691666666666666,0.72875
142692_CHRISTMAS ORNAMENT_front.png,0.46291666666666664,0.49375,0.44916666666666666,0.9875
142692_CHRISTMAS ORNAMENT_back.png,0.4633333333333333,0.4953125,0.38666666666666666,0.990625
142693_GARLAND_front.png,0.495,0.405625,0.4583333333333333,0.81125
142693_GARLAND_back.png,0.49541666666666667,0.4603125,0.44416666666666665,0.920625
142694_CHRISTMAS ORNAMENT_front.png,0.4825,0.4871875,0.5783333333333334,0.974375
142694_CHRISTMAS ORNAMENT_back.png,0.45666666666666667,0.4903125,0.5033333333333333,0.849375
142695_CHRISTMAS ORNAMENT_front.png,0.4845833333333333,0.4915625,0.6025,0.933125
142695_CHRISTMAS ORNAMENT_back.png,0.4791666666666667,0.4965625,0.5966666666666667,0.910625
142696_STOCKING_front.png,0.47333333333333333,0.4940625,0.785,0.988125
142696_STOCKING_back.png,0.4820833333333333,0.4621875,0.5208333333333334,0.736875
142697_TREE SKIRT_front.png,0.5,0.500625,1.0,0.74125
142697_TREE SKIRT_back.png,0.5,0.500625,1.0,0.74125
142698_CHRISTMAS ORNAMENT_front.png,0.49833333333333335,0.47375,0.99,0.835
142698_CHRISTMAS ORNAMENT_back.png,0.415,0.4996875,0.7916666666666666,0.994375
142699_TREE SKIRT_front.png,0.5004166666666666,0.460625,0.9658333333333333,0.73375
142699_TREE SKIRT_back.png,0.5029166666666667,0.4625,0.9658333333333333,0.73
142701_TREE TOPPER_front.png,0.5,0.5053125,0.9366666666666666,0.954375
142701_TREE TOPPER_back.png,0.49875,0.4953125,0.9725,0.940625
142702_CHRISTMAS ORNAMENT_front.png,0.43291666666666667,0.4953125,0.5191666666666667,0.990625
142702_CHRISTMAS ORNAMENT_back.png,0.40375,0.4928125,0.6008333333333333,0.980625
142703_CHRISTMAS ORNAMENT_front.png,0.49541666666666667,0.4821875,0.9491666666666667,0.964375
142703_CHRISTMAS ORNAMENT_back.png,0.5108333333333334,0.4915625,0.6066666666666667,0.983125
142704_CHRISTMAS ORNAMENT_front.png,0.49875,0.45,0.9625,0.83625
142704_CHRISTMAS ORNAMENT_back.png,0.5033333333333333,0.466875,0.96,0.845
142705_TREE SKIRT_front.png,0.5008333333333334,0.49875,0.9166666666666666,0.71
142705_TREE SKIRT_back.png,0.5008333333333334,0.49875,0.9166666666666666,0.71
142706_STOCKING_front.png,0.46541666666666665,0.465625,0.7158333333333333,0.93125
142706_STOCKING_back.png,0.4995833333333333,0.50125,0.5925,0.885
142707_STOCKING_front.png,0.47791666666666666,0.5009375,0.6741666666666667,0.976875
142707_STOCKING_back.png,0.45,0.4978125,0.6916666666666667,0.984375
142708_STOCKING_front.png,0.49333333333333335,0.495625,0.9683333333333334,0.99125
142708_STOCKING_back.png,0.48875,0.455,0.9025,0.91
142709_TREE SKIRT_front.png,0.4995833333333333,0.50625,0.9358333333333333,0.705
142709_TREE SKIRT_back.png,0.4995833333333333,0.50625,0.9358333333333333,0.705
142710_CHRISTMAS ORNAMENT_front.png,0.47291666666666665,0.4684375,0.5191666666666667,0.936875
142710_CHRISTMAS ORNAMENT_back.png,0.5045833333333334,0.491875,0.36916666666666664,0.965
142711_CHRISTMAS ORNAMENT_front.png,0.5091666666666667,0.4275,0.8783333333333333,0.855
142711_CHRISTMAS ORNAMENT_back.png,0.48791666666666667,0.4771875,0.5275,0.948125
142712_CHRISTMAS ORNAMENT_front.png,0.5029166666666667,0.5446875,0.9625,0.265625
142712_CHRISTMAS ORNAMENT_back.png,0.49625,0.523125,0.9741666666666666,0.2725
142713_CHRISTMAS ORNAMENT_front.png,0.49416666666666664,0.4571875,0.965,0.914375
142713_CHRISTMAS ORNAMENT_back.png,0.5070833333333333,0.483125,0.9608333333333333,0.945
142714_CHRISTMAS ORNAMENT_front.png,0.4979166666666667,0.4446875,0.9458333333333333,0.889375
142714_CHRISTMAS ORNAMENT_back.png,0.4945833333333333,0.505625,0.8675,0.78625
142715_CHRISTMAS ORNAMENT_front.png,0.49875,0.4634375,0.9708333333333333,0.760625
142715_CHRISTMAS ORNAMENT_back.png,0.49833333333333335,0.4684375,0.9966666666666667,0.825625
142716_CHRISTMAS ORNAMENT_front.png,0.5,0.503125,1.0,0.775
142716_CHRISTMAS ORNAMENT_back.png,0.5,0.503125,1.0,0.775
142717_CHRISTMAS ORNAMENT_front.png,0.48291666666666666,0.41875,0.8941666666666667,0.8375
142717_CHRISTMAS ORNAMENT_back.png,0.48,0.359375,0.6066666666666667,0.71875
142718_STOCKING_front.png,0.47041666666666665,0.4890625,0.7691666666666667,0.978125
142718_STOCKING_back.png,0.47125,0.4865625,0.5241666666666667,0.778125
142719_BEACHWEAR_front.png,0.49833333333333335,0.5,0.6216666666666667,1.0
142719_BEACHWEAR_back.png,0.5,0.50125,0.6633333333333333,0.9975
142738_PHOTO FRAME_front.png,0.4970833333333333,0.4965625,0.7508333333333334,0.711875
142738_PHOTO FRAME_back.png,0.5154166666666666,0.4890625,0.7791666666666667,0.746875
142739_PHOTO FRAME_front.png,0.4970833333333333,0.4965625,0.7508333333333334,0.711875
142739_PHOTO FRAME_back.png,0.5154166666666666,0.4890625,0.7791666666666667,0.746875
142740_BOXES_front.png,0.5025,0.5234375,0.9616666666666667,0.403125
142740_BOXES_back.png,0.5016666666666667,0.4853125,0.9383333333333334,0.708125
142741_PHOTO FRAME_front.png,0.49333333333333335,0.4840625,0.6083333333333333,0.615625
142741_PHOTO FRAME_back.png,0.49583333333333335,0.4978125,0.9083333333333333,0.843125
142742_PHOTO FRAME_front.png,0.49375,0.4825,0.8941666666666667,0.83375
142742_PHOTO FRAME_back.png,0.6916666666666667,0.7075,0.585,0.55375
142745_PHOTO FRAME_front.png,0.49375,0.4825,0.8941666666666667,0.83375
142745_PHOTO FRAME_back.png,0.6916666666666667,0.7075,0.585,0.55375
142747_BOXES_front.png,0.49833333333333335,0.5109375,0.9516666666666667,0.415625
142747_BOXES_back.png,0.50625,0.54375,0.9575,0.5
142748_PHOTO FRAME_front.png,0.5,0.490625,0.9316666666666666,0.8875
142748_PHOTO FRAME_back.png,0.48541666666666666,0.5546875,0.9475,0.860625
142749_PHOTO FRAME_front.png,0.5,0.490625,0.9316666666666666,0.8875
142749_PHOTO FRAME_back.png,0.48541666666666666,0.5546875,0.9475,0.860625
142750_DECORATIVE PIECES_front.png,0.4970833333333333,0.3534375,0.9275,0.670625
142750_DECORATIVE PIECES_back.png,0.5029166666666667,0.3478125,0.8691666666666666,0.651875
142751_VASES_front.png,0.4975,0.50625,0.575,0.95
142751_VASES_back.png,0.4979166666666667,0.4859375,0.9175,0.650625
142752_VASES_front.png,0.49666666666666665,0.505625,0.5866666666666667,0.9675
142752_VASES_back.png,0.49875,0.5171875,0.9508333333333333,0.671875
142754_DECORATIVE PIECES_front.png,0.4820833333333333,0.5,0.5408333333333334,0.99375
142754_DECORATIVE PIECES_back.png,0.4820833333333333,0.501875,0.5425,0.99625
142755_BLOUSE_front.png,0.4795833333333333,0.5,0.8725,1.0
142755_BLOUSE_back.png,0.5408333333333334,0.5028125,0.655,0.994375
142756_RUNNER_front.png,0.5,0.5015625,1.0,0.415625
142756_RUNNER_back.png,0.5,0.505625,1.0,0.61375
142757_RUNNER_front.png,0.5020833333333333,0.5015625,0.9591666666666666,0.370625
142757_RUNNER_back.png,0.5,0.5,1.0,0.725
142758_RUNNER_front.png,0.5016666666666667,0.4978125,0.9966666666666667,0.384375
142758_RUNNER_back.png,0.509765625,0.514453125,0.94296875,0.67890625
142759_VASES_front.png,0.4975,0.495,0.58,0.965
142759_VASES_back.png,0.5258333333333334,0.49375,0.58,0.9625
142761_VASES_front.png,0.51375,0.504375,0.7508333333333334,0.94625
142761_VASES_back.png,0.48625,0.5034375,0.7508333333333334,0.946875
142762_RUNNER_front.png,0.5020833333333333,0.4965625,0.9958333333333333,0.386875
142762_RUNNER_back.png,0.5025,0.5078125,0.9866666666666667,0.521875
142763_VASES_front.png,0.51125,0.49125,0.9591666666666666,0.85
142763_VASES_back.png,0.48833333333333334,0.4946875,0.965,0.855625
142764_VASES_front.png,0.49291666666666667,0.5428125,0.9358333333333333,0.763125
142764_VASES_back.png,0.495,0.5121875,0.9383333333333334,0.754375
142765_VASES_front.png,0.5008333333333334,0.52375,0.86,0.81625
142765_VASES_back.png,0.5004166666666666,0.525,0.8608333333333333,0.8175
142766_VASES_front.png,0.5091666666666667,0.499375,0.835,0.63625
142766_VASES_back.png,0.4920833333333333,0.500625,0.9391666666666667,0.71625
142767_DECORATIVE PIECES_front.png,0.49541666666666667,0.5015625,0.9708333333333333,0.676875
142767_DECORATIVE PIECES_back.png,0.5041666666666667,0.521875,0.9833333333333333,0.51125
142768_VASES_front.png,0.505,0.52625,0.9683333333333334,0.71375
142768_VASES_back.png,0.5025,0.510625,0.9766666666666667,0.72
142769_LANTERNS_front.png,0.4675,0.4953125,0.66,0.990625
142769_LANTERNS_back.png,0.4975,0.5,0.655,1.0
142770_SWEATER_front.png,0.5020833333333333,0.5,0.5341666666666667,1.0
142770_SWEATER_back.png,0.5016666666666667,0.5,0.6216666666666667,1.0
142772_VASES_front.png,0.5054166666666666,0.5321875,0.7225,0.924375
142772_VASES_back.png,0.49875,0.4903125,0.6908333333333333,0.980625
142776_DECORATIVE PIECES_front.png,0.49833333333333335,0.4934375,0.9666666666666667,0.980625
142776_DECORATIVE PIECES_back.png,0.5091666666666667,0.508125,0.9216666666666666,0.98375
142780_BEACHWEAR_front.png,0.48791666666666667,0.5234375,0.5925,0.953125
142780_BEACHWEAR_back.png,0.5,0.5,0.6866666666666666,1.0
142782_TABLE CLOCK_front.png,0.4970833333333333,0.5009375,0.9858333333333333,0.699375
142782_TABLE CLOCK_back.png,0.49833333333333335,0.5028125,0.9816666666666667,0.698125
142783_DECORATIVE PIECES_front.png,0.485,0.4796875,0.6366666666666667,0.584375
142783_DECORATIVE PIECES_back.png,0.485,0.4796875,0.6366666666666667,0.584375
142784_DECORATIVE PIECES_front.png,0.5025,0.46625,0.8966666666666666,0.9275
142784_DECORATIVE PIECES_back.png,0.5033333333333333,0.489375,0.815,0.84125
142785_DECORATIVE PIECES_front.png,0.5025,0.46625,0.8966666666666666,0.9275
142785_DECORATIVE PIECES_back.png,0.5015625,0.548828125,0.63125,0.86484375
142786_SWEATERS_front.png,0.49833333333333335,0.4828125,0.9716666666666667,0.640625
142786_SWEATERS_back.png,0.5016666666666667,0.468125,0.9966666666666667,0.805
142793_PLACE MAT_front.png,0.505,0.4921875,0.92,0.675625
142793_PLACE MAT_back.png,0.4975,0.5015625,0.95,0.450625
142798_PLACE MAT_front.png,0.5129166666666667,0.49,0.9125,0.68375
142798_PLACE MAT_back.png,0.49666666666666665,0.5128125,0.985,0.741875
142799_RUNNER_front.png,0.5091666666666667,0.5003125,0.5116666666666667,0.994375
142799_RUNNER_back.png,0.49916666666666665,0.50625,0.47333333333333333,0.94125
142800_RUNNER_front.png,0.47458333333333336,0.4953125,0.4175,0.990625
142800_RUNNER_back.png,0.46791666666666665,0.5028125,0.41083333333333333,0.994375
142801_RUNNER_front.png,0.46416666666666667,0.505,0.4,0.99
142801_RUNNER_back.png,0.49375,0.4984375,0.3908333333333333,0.975625
142802_WINTER WEAR_front.png,0.4725,0.5,0.6583333333333333,1.0
142802_WINTER WEAR_back.png,0.535,0.50625,0.6833333333333333,0.9875
142803_RUNNER_front.png,0.5004166666666666,0.5,0.4975,1.0
142803_RUNNER_back.png,0.49875,0.5,0.49916666666666665,1.0
142804_RUNNER_front.png,0.51,0.50625,0.48,0.96875
142804_RUNNER_back.png,0.5179166666666667,0.503125,0.5141666666666667,0.95
142805_WINTER WEAR_front.png,0.48333333333333334,0.5,0.605,1.0
142805_WINTER WEAR_back.png,0.5008333333333334,0.5,0.655,1.0
142808_MIRRORS_front.png,0.5033333333333333,0.495625,0.6816666666666666,0.985
142808_MIRRORS_back.png,0.5029166666666667,0.5015625,0.6875,0.965625
142809_DINING TABLES_front.png,0.49166666666666664,0.5084375,0.9833333333333333,0.339375
142809_DINING TABLES_back.png,0.5858333333333333,0.4965625,0.77,0.223125
142810_DINING TABLES_front.png,0.49166666666666664,0.5084375,0.9833333333333333,0.339375
142810_DINING TABLES_back.png,0.5858333333333333,0.4965625,0.77,0.223125
142812_CONSOLE TABLES_front.png,0.5020833333333333,0.4971875,0.9858333333333333,0.260625
142812_CONSOLE TABLES_back.png,0.4975,0.508125,0.9516666666666667,0.34625
142813_MEDIA UNIT_back.png,0.5020833333333333,0.5,0.9708333333333333,0.3375
142813_MEDIA UNIT_front.png,0.5020833333333333,0.5046875,0.9708333333333333,0.290625
142814_BUFFETS & SIDEBOARDS_front.png,0.5025,0.5003125,0.9716666666666667,0.394375
142815_CONSOLE TABLES_front.png,0.5008333333333334,0.4996875,0.9683333333333334,0.368125
142815_CONSOLE TABLES_back.png,0.5008333333333334,0.501875,0.96,0.43375
142814_BUFFETS & SIDEBOARDS_back.png,0.5016666666666667,0.5034375,0.935,0.418125
142817_CHAIRS_back.png,0.50125,0.5009375,0.9008333333333334,0.961875
142818_CHAIRS_front.png,0.5004166666666666,0.5015625,0.8858333333333334,0.908125
142818_CHAIRS_back.png,0.5016666666666667,0.50125,0.8316666666666667,0.93
142817_CHAIRS_front.png,0.5016666666666667,0.501875,0.9333333333333333,0.92625
142822_TABLE BENCHES_front.png,0.5016666666666667,0.5009375,0.9516666666666667,0.264375
142822_TABLE BENCHES_back.png,0.5029166666666667,0.5140625,0.9358333333333333,0.315625
142830_COFFEE TABLE_front.png,0.49166666666666664,0.4840625,0.97,0.491875
142831_BAR TABLES_front.png,0.50625,0.5390625,0.9375,0.746875
142832_BUFFETS & SIDEBOARDS_front.png,0.5004166666666666,0.49875,0.9491666666666667,0.3775
142832_BUFFETS & SIDEBOARDS_back.png,0.5008333333333334,0.5015625,0.9383333333333334,0.415625
142833_JACKET_front.png,0.50625,0.5,0.9875,1.0
142833_JACKET_back.png,0.5233333333333333,0.5,0.9533333333333334,1.0
142836_PANT_front.png,0.5758333333333333,0.4746875,0.635,0.949375
142836_PANT_back.png,0.4970833333333333,0.4753125,0.6291666666666667,0.950625
142837_SWEATSHIRT_front.png,0.49541666666666667,0.4790625,0.9908333333333333,0.939375
142837_SWEATSHIRT_back.png,0.5016666666666667,0.48875,0.965,0.90875
142838_JACKET_front.png,0.51375,0.5,0.9341666666666667,1.0
142838_JACKET_back.png,0.5266666666666666,0.5046875,0.6766666666666666,0.990625
142841_JACKET_front.png,0.4995833333333333,0.5,0.9425,1.0
142841_JACKET_back.png,0.5008333333333334,0.5,0.955,1.0
142844_HOODIES_front.png,0.51,0.5,0.905,1.0
142844_HOODIES_back.png,0.5191666666666667,0.5140625,0.7483333333333333,0.971875
142846_JACKET_front.png,0.4845833333333333,0.5296875,0.6841666666666667,0.940625
142846_JACKET_back.png,0.5029166666666667,0.5234375,0.7025,0.953125
142847_SWEATSHIRT_front.png,0.5058333333333334,0.535625,0.5866666666666667,0.92875
142847_SWEATSHIRT_back.png,0.47541666666666665,0.5315625,0.6225,0.936875
142849_JACKET_front.png,0.49666666666666665,0.5,0.9933333333333333,1.0
142849_JACKET_back.png,0.48833333333333334,0.5,0.9183333333333333,1.0
142852_JACKET_front.png,0.5054166666666666,0.5,0.8391666666666666,1.0
142852_JACKET_back.png,0.47791666666666666,0.521875,0.6475,0.95625
142853_SWEATSHIRT_front.png,0.4866666666666667,0.510625,0.74,0.97875
142853_SWEATSHIRT_back.png,0.5175,0.5321875,0.595,0.935625
142855_CONSOLE TABLES_front.png,0.5025,0.52875,0.9666666666666667,0.40125
142857_SHIRT_front.png,0.50375,0.541875,0.9541666666666667,0.595
142857_SHIRT_back.png,0.4945833333333333,0.5259375,0.9608333333333333,0.608125
142863_SWEATERS_front.png,0.5,0.5009375,0.9866666666666667,0.490625
142863_SWEATERS_back.png,0.49875,0.4996875,0.9908333333333333,0.364375
142874_COFFEE TABLE_front.png,0.50375,0.5321875,0.9558333333333333,0.593125
142874_COFFEE TABLE_back.png,0.5045833333333334,0.51,0.9791666666666666,0.535
142875_CONSOLE TABLES_front.png,0.49875,0.50625,0.9558333333333333,0.36625
142876_RUNNER_front.png,0.5891666666666666,0.7996875,0.6033333333333334,0.383125
142876_RUNNER_back.png,0.4925,0.5046875,0.985,0.484375
142877_PLACE MAT_front.png,0.5008333333333334,0.4915625,0.97,0.719375
142909_VEST_front.png,0.46625,0.5,0.7208333333333333,1.0
142909_VEST_back.png,0.49833333333333335,0.50125,0.71,0.9975
142920_NAPKIN RING_front.png,0.49833333333333335,0.4828125,0.9583333333333334,0.620625
142920_NAPKIN RING_back.png,0.4970833333333333,0.466875,0.8691666666666666,0.63875
142921_NAPKIN RING_front.png,0.5108333333333334,0.5046875,0.7283333333333334,0.653125
142921_NAPKIN RING_back.png,0.47208333333333335,0.49875,0.9058333333333334,0.78375
142922_NAPKIN RING_front.png,0.5008333333333334,0.5,0.9833333333333333,0.79875
142922_NAPKIN RING_back.png,0.5,0.5009375,0.9816666666666667,0.743125
142924_COASTERS_front.png,0.5020833333333333,0.500625,0.9791666666666666,0.7325
142924_COASTERS_back.png,0.49875,0.500625,0.9841666666666666,0.73375
142925_COASTERS_front.png,0.5,0.4996875,0.9816666666666667,0.726875
142925_COASTERS_back.png,0.5004166666666666,0.5,0.9825,0.7425
142927_NAPKIN RING_front.png,0.4920833333333333,0.4740625,0.7891666666666667,0.560625
142927_NAPKIN RING_back.png,0.5108333333333334,0.55,0.7016666666666667,0.54125
142928_NAPKIN RING_front.png,0.5204166666666666,0.4875,0.8475,0.60625
142928_NAPKIN RING_back.png,0.5045833333333334,0.4825,0.7458333333333333,0.5775
142931_BEDDING SETS_front.png,0.501875,0.5563157894736842,0.76375,0.4305263157894737
142931_BEDDING SETS_back.png,0.7,0.47,0.6,0.2894736842105263
142932_BEDDING SETS_front.png,0.5,0.5,1.0,0.55625
142932_BEDDING SETS_back.png,0.645,0.5203125,0.71,0.928125
142933_BEDDING SETS_front.png,0.5,0.5,1.0,0.55625
142933_BEDDING SETS_back.png,0.645,0.5203125,0.71,0.928125
142936_SETS_front.png,0.505,0.496875,0.6283333333333333,0.975
142936_SETS_back.png,0.51875,0.5,0.7991666666666667,1.0
142939_DECORATIVE PIECES_front.png,0.5208333333333334,0.496875,0.73,0.95625
142941_DECORATIVE PIECES_front.png,0.4920833333333333,0.466875,0.8958333333333334,0.9025
142942_DECORATIVE PIECES_front.png,0.5016666666666667,0.5009375,0.9216666666666666,0.820625
142943_COASTERS_front.png,0.5016666666666667,0.34125,0.9216666666666666,0.31125
142944_CHARGER PLATES_front.png,0.5,0.5021875,0.925,0.368125
142945_DECORATIVE PIECES_front.png,0.5054166666666666,0.46,0.8791666666666667,0.8825
142946_DECORATIVE PIECES_front.png,0.5,0.4996875,0.925,0.811875
142948_DECORATIVE PIECES_front.png,0.5,0.5,0.9233333333333333,0.40375
142948_DECORATIVE PIECES_back.png,0.5033333333333333,0.45,0.98,0.7
142949_BOXES_front.png,0.5029166666666667,0.4921875,0.9191666666666667,0.846875
142949_BOXES_back.png,0.49666666666666665,0.49625,0.56,0.95625
142950_TOWELS_front.png,0.5108333333333334,0.459375,0.8466666666666667,0.525
142951_TOWELS_front.png,0.5108333333333334,0.459375,0.8466666666666667,0.525
142951_TOWELS_back.png,0.50125,0.500625,0.9908333333333333,0.7425
142950_TOWELS_back.png,0.50125,0.500625,0.9908333333333333,0.7425
142952_TOWELS_front.png,0.5108333333333334,0.459375,0.8466666666666667,0.525
142952_TOWELS_back.png,0.50125,0.500625,0.9908333333333333,0.7425
142953_BOXES_front.png,0.4995833333333333,0.4996875,0.9858333333333333,0.393125
142953_BOXES_back.png,0.49916666666666665,0.4996875,0.985,0.699375
142955_DECORATIVE PIECES_front.png,0.49916666666666665,0.5015625,0.99,0.381875
142957_SWEATER_back.png,0.5145833333333333,0.5015625,0.5841666666666666,0.996875
142958_LOUNGE WEAR_front.png,0.5016666666666667,0.4996875,0.40166666666666667,0.988125
142957_SWEATER_front.png,0.49833333333333335,0.5,0.5883333333333334,1.0
142958_LOUNGE WEAR_back.png,0.5,0.4996875,0.385,0.988125
142959_LOUNGE WEAR_front.png,0.5,0.4990625,0.4033333333333333,0.991875
142959_LOUNGE WEAR_back.png,0.4995833333333333,0.5003125,0.41583333333333333,0.989375
142960_SWEATER_back.png,0.5,0.5,0.6283333333333333,1.0
142960_SWEATER_front.png,0.5029166666666667,0.506875,0.6341666666666667,0.98625
142962_SWEATER_front.png,0.5004166666666666,0.5,0.6175,1.0
142962_SWEATER_back.png,0.5158333333333334,0.5,0.675,1.0
142963_BOXES_front.png,0.5016666666666667,0.515625,0.9783333333333334,0.3675
142963_BOXES_back.png,0.5004166666666666,0.5153125,0.9758333333333333,0.370625
142964_SWEATER_back.png,0.4795833333333333,0.5090625,0.7158333333333333,0.981875
142965_SWEATER_front.png,0.49416666666666664,0.5,0.68,1.0
142964_SWEATER_front.png,0.4841666666666667,0.5128125,0.6283333333333333,0.974375
142965_SWEATER_back.png,0.49166666666666664,0.5,0.7133333333333334,1.0
142967_SWEATER_front.png,0.47708333333333336,0.545,0.5825,0.91
142967_SWEATER_back.png,0.4870833333333333,0.5221875,0.6475,0.955625
142969_NAPKIN HOLDER_front.png,0.50625,0.4978125,0.9225,0.780625
142969_NAPKIN HOLDER_back.png,0.5,0.5,1.0,1.0
142971_SALT & PEPPER SHAKER_front.png,0.50125,0.4775,0.9708333333333333,0.32375
142971_SALT & PEPPER SHAKER_back.png,0.50125,0.5003125,0.7658333333333334,0.963125
142972_SALT & PEPPER SHAKER_front.png,0.7616666666666667,0.5028125,0.47,0.573125
142972_SALT & PEPPER SHAKER_back.png,0.5295833333333333,0.520625,0.9408333333333333,0.95875
142973_SALT & PEPPER SHAKER_front.png,0.7483333333333333,0.520625,0.46,0.77
142973_SALT & PEPPER SHAKER_back.png,0.5529166666666666,0.5234375,0.8941666666666667,0.953125
142974_SALT & PEPPER SHAKER_front.png,0.7483333333333333,0.5175,0.465,0.575
142974_SALT & PEPPER SHAKER_back.png,0.5079166666666667,0.5734375,0.9225,0.853125
142977_COASTERS_front.png,0.5033333333333333,0.6609375,0.86,0.458125
142977_COASTERS_back.png,0.5954166666666667,0.590625,0.8091666666666667,0.81875
142978_BASKETS & LAUNDRY BASKETS_front.png,0.5270833333333333,0.498125,0.7925,0.9775
142978_BASKETS & LAUNDRY BASKETS_back.png,0.47791666666666666,0.49875,0.7925,0.97875
142979_BASKETS & LAUNDRY BASKETS_front.png,0.49833333333333335,0.5040625,0.9283333333333333,0.956875
142979_BASKETS & LAUNDRY BASKETS_back.png,0.5016666666666667,0.4815625,0.9333333333333333,0.663125
142993_COASTERS_front.png,0.73625,0.6434375,0.4691666666666667,0.356875
142993_COASTERS_back.png,0.7225,0.536875,0.4716666666666667,0.6925
142994_CHARGER PLATES_front.png,0.5041666666666667,0.5046875,0.9116666666666666,0.569375
142994_CHARGER PLATES_back.png,0.5083333333333333,0.5040625,0.94,0.689375
142995_CUTLERY_front.png,0.7520833333333333,0.4971875,0.31916666666666665,0.970625
142995_CUTLERY_back.png,0.24416666666666667,0.4915625,0.31,0.959375
142996_WOODEN BOWL_front.png,0.50125,0.5046875,0.9591666666666666,0.369375
142996_WOODEN BOWL_back.png,0.5004166666666666,0.5015625,0.9341666666666667,0.706875
142997_WOODEN BOWL_front.png,0.5020833333333333,0.513125,0.9641666666666666,0.3525
142997_WOODEN BOWL_back.png,0.49625,0.4840625,0.9341666666666667,0.716875
142998_SERVING TRAYS_front.png,0.5045833333333334,0.4534375,0.9641666666666666,0.304375
142998_SERVING TRAYS_back.png,0.5016666666666667,0.5109375,0.9033333333333333,0.465625
142999_SERVING TRAYS_front.png,0.5029166666666667,0.4909375,0.9691666666666666,0.404375
142999_SERVING TRAYS_back.png,0.49625,0.4959375,0.9358333333333333,0.736875
143000_CUSHIONS_front.png,0.5033333333333333,0.525,0.9433333333333334,0.69375
143000_CUSHIONS_back.png,0.50875,0.505,0.9491666666666667,0.67875
143001_CUSHIONS_front.png,0.5183333333333333,0.5296875,0.925,0.671875
143001_CUSHIONS_back.png,0.50875,0.505,0.9491666666666667,0.67875
143002_CUSHIONS_front.png,0.49833333333333335,0.45125,0.9466666666666667,0.69125
143002_CUSHIONS_back.png,0.49625,0.4559375,0.9425,0.666875
143003_CUSHIONS_front.png,0.49166666666666664,0.5153125,0.9466666666666667,0.730625
143003_CUSHIONS_back.png,0.5158333333333334,0.5109375,0.9,0.678125
143004_CUSHIONS_front.png,0.5004166666666666,0.503125,0.9741666666666666,0.725
143004_CUSHIONS_back.png,0.50875,0.505,0.9491666666666667,0.67875
143005_CUSHIONS_front.png,0.4795833333333333,0.5125,0.9341666666666667,0.7125
143005_CUSHIONS_back.png,0.5158333333333334,0.5109375,0.9,0.678125
143009_CUSHIONS_front.png,0.50125,0.52625,0.9591666666666666,0.47
143009_CUSHIONS_back.png,0.49875,0.5215625,0.9475,0.486875
143010_RUNNER_front.png,0.50875,0.505,0.7008333333333333,0.9725
143011_RUNNER_front.png,0.49583333333333335,0.4953125,0.33166666666666667,0.939375
143011_RUNNER_back.png,0.505,0.5103125,0.875,0.533125
143022_COASTERS_front.png,0.5,0.475,0.9616666666666667,0.86625
143022_COASTERS_back.png,0.49083333333333334,0.4925,0.93,0.8275
143023_COASTERS_front.png,0.30125,0.475,0.4058333333333333,0.5925
143023_COASTERS_back.png,0.49125,0.493125,0.9708333333333333,0.70125
143028_PLACE MAT_front.png,0.49666666666666665,0.505625,0.9666666666666667,0.70875
143028_PLACE MAT_back.png,0.49833333333333335,0.5003125,0.945,0.689375
143029_PLACE MAT_front.png,0.50125,0.5046875,0.9575,0.694375
143029_PLACE MAT_back.png,0.49833333333333335,0.5003125,0.945,0.689375
143031_PLACE MAT_front.png,0.5033333333333333,0.4890625,0.915,0.670625
143031_PLACE MAT_back.png,0.49833333333333335,0.5003125,0.945,0.689375
143032_PLACE MAT_front.png,0.4970833333333333,0.483125,0.9225,0.68125
143032_PLACE MAT_back.png,0.49833333333333335,0.5003125,0.945,0.689375
143033_PLACE MAT_front.png,0.5,0.4984375,0.91,0.675625
143033_PLACE MAT_back.png,0.49833333333333335,0.5003125,0.945,0.689375
143034_PLACE MAT_front.png,0.48791666666666667,0.4903125,0.9041666666666667,0.663125
143034_PLACE MAT_back.png,0.49833333333333335,0.5003125,0.945,0.689375
143035_RUNNER_front.png,0.4845833333333333,0.47625,0.9608333333333333,0.265
143035_RUNNER_back.png,0.5020833333333333,0.499375,0.9475,0.255
143036_COASTERS_front.png,0.2679166666666667,0.5015625,0.4525,0.734375
143036_COASTERS_back.png,0.24625,0.4921875,0.4741666666666667,0.808125
143043_PLACE MAT_front.png,0.5058333333333334,0.5071875,0.93,0.688125
143043_PLACE MAT_back.png,0.49833333333333335,0.5003125,0.945,0.689375
143044_PLACE MAT_front.png,0.5041666666666667,0.476875,0.8966666666666666,0.66
143044_PLACE MAT_back.png,0.49833333333333335,0.5003125,0.945,0.689375
143047_COASTERS_front.png,0.5016666666666667,0.4971875,0.95,0.690625
143047_COASTERS_back.png,0.49125,0.493125,0.9708333333333333,0.70125
143094_HAND BAGS_front.png,0.4716666666666667,0.453125,0.7666666666666667,0.75125
143094_HAND BAGS_back.png,0.6466666666666666,0.5971875,0.21666666666666667,0.805625
143095_HAND BAGS_front.png,0.4945833333333333,0.4959375,0.5858333333333333,0.966875
143095_HAND BAGS_back.png,0.49041666666666667,0.4978125,0.6358333333333334,0.964375
143096_HAND BAGS_front.png,0.2808333333333333,0.4825,0.5233333333333333,0.4275
143098_SLING BAGS_front.png,0.4716666666666667,0.4784375,0.835,0.886875
143098_SLING BAGS_back.png,0.4945833333333333,0.500625,0.7775,0.91375
143099_HAND BAGS_front.png,0.5025,0.480625,0.8866666666666667,0.8475
143096_HAND BAGS_back.png,0.255,0.4890625,0.48333333333333334,0.396875
143099_HAND BAGS_back.png,0.5154166666666666,0.491875,0.8675,0.83375
143100_SLING BAGS_front.png,0.54125,0.8121875,0.4091666666666667,0.311875
143100_SLING BAGS_back.png,0.5120833333333333,0.81125,0.33416666666666667,0.31375
143176_PLACE MAT_front.png,0.505,0.535625,0.9533333333333334,0.71625
143176_PLACE MAT_back.png,0.5016666666666667,0.520625,0.9383333333333334,0.715
143178_COASTERS_front.png,0.23,0.290625,0.43166666666666664,0.34125
143178_COASTERS_back.png,0.24083333333333334,0.269375,0.435,0.33625
143180_COASTERS_front.png,0.5016666666666667,0.5425,0.9533333333333334,0.74
143180_COASTERS_back.png,0.505,0.499375,0.9433333333333334,0.71
143181_PLACE MAT_front.png,0.75625,0.7415625,0.45916666666666667,0.343125
143181_PLACE MAT_back.png,0.7541666666666667,0.2628125,0.45,0.354375
143182_COASTERS_front.png,0.5020833333333333,0.503125,0.9408333333333333,0.6075
143182_COASTERS_back.png,0.50125,0.501875,0.9575,0.2975
143183_NAPKIN RING_front.png,0.2633333333333333,0.285625,0.4666666666666667,0.37875
143183_NAPKIN RING_back.png,0.5016666666666667,0.513125,0.915,0.49125
143190_COASTERS_front.png,0.2475,0.7565625,0.495,0.379375
143190_COASTERS_back.png,0.25833333333333336,0.750625,0.48333333333333334,0.37375
143191_PLACE MAT_front.png,0.50375,0.5309375,0.9275,0.709375
143191_PLACE MAT_back.png,0.49916666666666665,0.51875,0.9483333333333334,0.72875
143192_PLACE MAT_front.png,0.50375,0.508125,0.9491666666666667,0.74625
143192_PLACE MAT_back.png,0.5008333333333334,0.5325,0.925,0.7225
143242_LAZY SUSANS_front.png,0.5004166666666666,0.5,0.9375,0.14125
143242_LAZY SUSANS_back.png,0.5016666666666667,0.51,0.9183333333333333,0.4225
143245_CUTLERY_front.png,0.5254166666666666,0.506875,0.32916666666666666,0.805
143245_CUTLERY_back.png,0.5,0.8953125,1.0,0.209375
143257_CAKE STAND_front.png,0.51375,0.4653125,0.8025,0.260625
143257_CAKE STAND_back.png,0.495,0.5396875,0.9283333333333333,0.289375
143266_NAPKIN_front.png,0.765,0.2609375,0.465,0.356875
143266_NAPKIN_back.png,0.7420833333333333,0.2353125,0.4508333333333333,0.351875
143267_NAPKIN_front.png,0.7516666666666667,0.261875,0.47833333333333333,0.3825
143267_NAPKIN_back.png,0.7558333333333334,0.745625,0.455,0.315
143268_COASTERS_front.png,0.7554166666666666,0.7315625,0.4558333333333333,0.346875
143268_COASTERS_back.png,0.7695833333333333,0.726875,0.43583333333333335,0.34375
143303_NAPKIN RING_front.png,0.5004166666666666,0.4996875,0.9375,0.763125
143304_NAPKIN RING_front.png,0.5004166666666666,0.49875,0.9375,0.7725
143305_COASTERS_front.png,0.49916666666666665,0.5,0.8916666666666667,0.57875
143305_COASTERS_back.png,0.7204166666666667,0.5046875,0.49083333333333334,0.300625
143306_COASTERS_front.png,0.51125,0.5096875,0.9075,0.554375
143306_COASTERS_back.png,0.71375,0.505,0.5008333333333334,0.315
143307_CAKE STAND_front.png,0.5041666666666667,0.4953125,0.9583333333333334,0.450625
143307_CAKE STAND_back.png,0.5004166666666666,0.4878125,0.9408333333333333,0.349375
143309_CUTLERY_front.png,0.4925,0.49625,0.845,0.63375
143309_CUTLERY_back.png,0.49916666666666665,0.505,0.9116666666666666,0.6875
143319_HAND BAGS_front.png,0.4995833333333333,0.4984375,0.6525,0.958125
143319_HAND BAGS_back.png,0.5004166666666666,0.5009375,0.47583333333333333,0.958125
143320_HAND BAGS_front.png,0.5241666666666667,0.49125,0.7366666666666667,0.94875
143320_HAND BAGS_back.png,0.5083333333333333,0.496875,0.7266666666666667,0.935
143321_HAND BAGS_front.png,0.51125,0.4946875,0.7525,0.970625
143321_HAND BAGS_back.png,0.3620833333333333,0.726875,0.3125,0.24125
143322_HAND BAGS_front.png,0.4995833333333333,0.4671875,0.9241666666666667,0.839375
143322_HAND BAGS_back.png,0.4845833333333333,0.46125,0.8541666666666666,0.7675
143323_HAND BAGS_front.png,0.4925,0.4484375,0.9283333333333333,0.834375
143323_HAND BAGS_back.png,0.49666666666666665,0.4671875,0.95,0.856875
143324_HAND BAGS_front.png,0.5045833333333334,0.48875,0.9158333333333334,0.82625
143324_HAND BAGS_back.png,0.5125,0.460625,0.925,0.84125
143326_HAND BAGS_front.png,0.48875,0.4384375,0.9475,0.564375
143326_HAND BAGS_back.png,0.47541666666666665,0.5103125,0.8125,0.708125
143328_HAND BAGS_front.png,0.49125,0.426875,0.8241666666666667,0.6575
143328_HAND BAGS_back.png,0.4875,0.4990625,0.8416666666666667,0.923125
143329_HAND BAGS_front.png,0.4975,0.4840625,0.8483333333333334,0.798125
143329_HAND BAGS_back.png,0.4920833333333333,0.53,0.4625,0.60125
143330_HAND BAGS_front.png,0.50625,0.4875,0.8308333333333333,0.96875
143330_HAND BAGS_back.png,0.5070833333333333,0.4890625,0.8041666666666667,0.946875
143334_POTHOLDERS_front.png,0.5070833333333333,0.4475,0.9658333333333333,0.28625
143334_POTHOLDERS_back.png,0.49541666666666667,0.5009375,0.9458333333333333,0.314375
143335_HAND BAGS_front.png,0.53375,0.454375,0.8108333333333333,0.84
143335_HAND BAGS_back.png,0.5020833333333333,0.4446875,0.8591666666666666,0.795625
143337_HAND BAGS_front.png,0.49666666666666665,0.444375,0.9116666666666666,0.83875
143337_HAND BAGS_back.png,0.49083333333333334,0.55625,0.93,0.47875
143338_HAND BAGS_front.png,0.5083333333333333,0.50625,0.8833333333333333,0.55625
