name,x_center,y_center,width,height,category,category_number
142100_CUSHIONS_front.png,0.4983333333333333,0.4984375,0.99,0.678125,CUSHIONS,1
142100_CUSHIONS_back.png,0.5016666666666667,0.505,0.9466666666666668,0.68375,CUSHIONS,1
142101_CUSHIONS_front.png,0.4954166666666666,0.503125,0.9725,0.7,CUSHIONS,1
142101_CUSHIONS_back.png,0.495,0.4996875,0.96,0.691875,CUSHIONS,1
142102_NAPKIN_front.png,0.5033333333333333,0.5021875,0.9616666666666668,0.723125,NAPKIN,27
142102_NAPKIN_back.png,0.5,0.45,1.0,0.9,NAPKIN,27
142103_TABLE CLOTH_front.png,0.5370833333333334,0.5128125,0.3725,0.711875,TABLE CLOTH,28
142103_TABLE CLOTH_back.png,0.5370833333333334,0.5128125,0.3725,0.711875,TABLE CLOTH,28
142104_TABLE CLOTH_front.png,0.5370833333333334,0.5128125,0.3725,0.711875,TABLE CLOTH,28
142104_TABLE CLOTH_back.png,0.5370833333333334,0.5128125,0.3725,0.711875,TABLE CLOTH,28
142105_TABLE CLOTH_front.png,0.4775,0.4740625,0.955,0.865625,TABLE CLOTH,28
142105_TABLE CLOTH_back.png,0.6833333333333333,0.390625,0.6333333333333333,0.7125,TABLE CLOTH,28
142106_TABLE CLOTH_front.png,0.5,0.4465625,1.0,0.893125,TABLE CLOTH,28
142106_TABLE CLOTH_back.png,0.81625,0.7809375,0.2125,0.080625,TABLE CLOTH,28
142113_DRESS_front.png,0.4995833333333333,0.479375,0.9608333333333332,0.78125,DRESS,8
142113_DRESS_back.png,0.4920833333333333,0.4890625,0.9658333333333332,0.783125,DRESS,8
142114_DRESS_front.png,0.4983333333333333,0.4709375,0.9833333333333332,0.698125,DRESS,8
142115_CARPETS_front.png,0.5166666666666667,0.5115625,0.8266666666666667,0.928125,CARPETS,29
142114_DRESS_back.png,0.4979166666666667,0.4728125,0.9775,0.808125,DRESS,8
142115_CARPETS_back.png,0.5166666666666667,0.5115625,0.8266666666666667,0.928125,CARPETS,29
142116_CARPETS_front.png,0.5166666666666667,0.5115625,0.8266666666666667,0.928125,CARPETS,29
142116_CARPETS_back.png,0.5166666666666667,0.5115625,0.8266666666666667,0.928125,CARPETS,29
142117_CARPETS_front.png,0.4620833333333333,0.4890625,0.9241666666666668,0.978125,CARPETS,29
142117_CARPETS_back.png,0.4620833333333333,0.4890625,0.9241666666666668,0.978125,CARPETS,29
142118_CARPETS_front.png,0.4908333333333333,0.5,0.9816666666666668,0.38875,CARPETS,29
142118_CARPETS_back.png,0.4916666666666666,0.5003125,0.9833333333333332,0.388125,CARPETS,29
142119_CARPETS_front.png,0.4908333333333333,0.5,0.9816666666666668,0.38875,CARPETS,29
142119_CARPETS_back.png,0.4958333333333333,0.50625,0.9916666666666668,0.3875,CARPETS,29
142120_CARPETS_front.png,0.4620833333333333,0.4890625,0.9241666666666668,0.978125,CARPETS,29
142120_CARPETS_back.png,0.4620833333333333,0.4890625,0.9241666666666668,0.978125,CARPETS,29
142121_CARPETS_front.png,0.5154166666666666,0.490625,0.8558333333333333,0.98125,CARPETS,29
142121_CARPETS_back.png,0.5154166666666666,0.490625,0.8558333333333333,0.98125,CARPETS,29
142122_CARPETS_front.png,0.5154166666666666,0.490625,0.8558333333333333,0.98125,CARPETS,29
142122_CARPETS_back.png,0.5154166666666666,0.490625,0.8558333333333333,0.98125,CARPETS,29
142123_CARPETS_front.png,0.50625,0.498125,0.8908333333333334,0.6625,CARPETS,29
142123_CARPETS_back.png,0.5,0.5475,1.0,0.38,CARPETS,29
142125_CARPETS_front.png,0.5033333333333333,0.4984375,0.9666666666666668,0.714375,CARPETS,29
142125_CARPETS_back.png,0.5,0.3084375,1.0,0.616875,CARPETS,29
142126_CHARGER PLATES_front.png,0.4945833333333333,0.48875,0.9625,0.72125,CHARGER PLATES,30
142126_CHARGER PLATES_back.png,0.5,0.518125,1.0,0.42375,CHARGER PLATES,30
142127_CHARGER PLATES_front.png,0.48875,0.4878125,0.7658333333333334,0.569375,CHARGER PLATES,30
142127_CHARGER PLATES_back.png,0.4979166666666667,0.5046875,0.9658333333333332,0.501875,CHARGER PLATES,30
142128_COTTON BOX_front.png,0.5091666666666667,0.51875,0.9533333333333334,0.76625,COTTON BOX,31
142128_COTTON BOX_back.png,0.4995833333333333,0.48875,0.9858333333333332,0.49625,COTTON BOX,31
142129_TUMBLERS_front.png,0.5033333333333333,0.49625,0.9933333333333332,0.67125,TUMBLERS,25
142129_TUMBLERS_back.png,0.5033333333333333,0.49625,0.9933333333333332,0.67125,TUMBLERS,25
142130_BATH MATS_front.png,0.5025,0.5046875,0.9616666666666668,0.445625,BATH MATS,5
142130_BATH MATS_back.png,0.4983333333333333,0.4996875,0.9633333333333334,0.461875,BATH MATS,5
142131_TUMBLERS_front.png,0.7483333333333333,0.4890625,0.4633333333333333,0.563125,TUMBLERS,25
142131_TUMBLERS_back.png,0.7525,0.4890625,0.47,0.569375,TUMBLERS,25
142132_BOXES_front.png,0.48375,0.504375,0.8825,0.45875,BOXES,13
142132_BOXES_back.png,0.4983333333333333,0.534375,0.885,0.5875,BOXES,13
142133_BOXES_front.png,0.49375,0.496875,0.9375,0.475,BOXES,13
142133_BOXES_back.png,0.5116666666666667,0.5046875,0.8483333333333334,0.515625,BOXES,13
142134_BOXES_front.png,0.5058333333333334,0.5084375,0.925,0.485625,BOXES,13
142134_BOXES_back.png,0.5029166666666667,0.5109375,0.9291666666666668,0.589375,BOXES,13
142135_BOXES_front.png,0.505,0.491875,0.9533333333333334,0.49625,BOXES,13
142135_BOXES_back.png,0.4870833333333333,0.5078125,0.8625,0.534375,BOXES,13
142136_BOXES_front.png,0.5029166666666667,0.5009375,0.9941666666666666,0.601875,BOXES,13
142138_DECORATIVE PIECES_front.png,0.8016666666666666,0.65125,0.3716666666666666,0.45375,DECORATIVE PIECES,14
142138_DECORATIVE PIECES_back.png,0.4966666666666666,0.5396875,0.975,0.304375,DECORATIVE PIECES,14
142139_DECORATIVE PIECES_front.png,0.4904166666666666,0.4796875,0.9441666666666668,0.934375,DECORATIVE PIECES,14
142139_DECORATIVE PIECES_back.png,0.49375,0.495625,0.9875,0.29375,DECORATIVE PIECES,14
142155_CARPETS_front.png,0.4941666666666666,0.5,0.85,0.93875,CARPETS,29
142155_CARPETS_back.png,0.5,0.5,1.0,1.0,CARPETS,29
142156_CARPETS_front.png,0.4941666666666666,0.5,0.85,0.93875,CARPETS,29
142156_CARPETS_back.png,0.5,0.5,1.0,1.0,CARPETS,29
142157_CARPETS_front.png,0.5,0.4715625,1.0,0.525625,CARPETS,29
142157_CARPETS_back.png,0.5,0.3984375,1.0,0.796875,CARPETS,29
142158_CARPETS_front.png,0.5158333333333334,0.505,0.8316666666666667,0.95375,CARPETS,29
142158_CARPETS_back.png,0.3845833333333333,0.464375,0.7691666666666667,0.92875,CARPETS,29
142159_CARPETS_front.png,0.4833333333333333,0.5046875,0.8766666666666667,0.953125,CARPETS,29
142159_CARPETS_back.png,0.3808333333333333,0.483125,0.7616666666666667,0.96625,CARPETS,29
142160_CARPETS_front.png,0.4820833333333333,0.499375,0.8925,0.96875,CARPETS,29
142160_CARPETS_back.png,0.3654166666666666,0.46875,0.7308333333333333,0.9375,CARPETS,29
142161_CARPETS_front.png,0.4995833333333333,0.5015625,0.9058333333333334,0.965625,CARPETS,29
142161_CARPETS_back.png,0.3620833333333333,0.46875,0.7241666666666666,0.9375,CARPETS,29
142162_CARPETS_front.png,0.4995833333333333,0.5015625,0.9058333333333334,0.965625,CARPETS,29
142162_CARPETS_back.png,0.3620833333333333,0.46875,0.7241666666666666,0.9375,CARPETS,29
142163_CARPETS_front.png,0.5083333333333333,0.4965625,0.8766666666666667,0.953125,CARPETS,29
142163_CARPETS_back.png,0.5,0.4875,1.0,0.975,CARPETS,29
142164_CARPETS_front.png,0.5083333333333333,0.4965625,0.8766666666666667,0.953125,CARPETS,29
142164_CARPETS_back.png,0.5,0.4875,1.0,0.975,CARPETS,29
142165_CARPETS_front.png,0.5004166666666666,0.496875,0.8758333333333334,0.96875,CARPETS,29
142165_CARPETS_back.png,0.3608333333333333,0.459375,0.7216666666666667,0.91875,CARPETS,29
142166_CARPETS_front.png,0.5004166666666666,0.496875,0.8758333333333334,0.96875,CARPETS,29
142166_CARPETS_back.png,0.3608333333333333,0.459375,0.7216666666666667,0.91875,CARPETS,29
142167_CARPETS_front.png,0.5020833333333333,0.4971875,0.9508333333333332,0.723125,CARPETS,29
142167_CARPETS_back.png,0.4433333333333333,0.4925,0.8866666666666667,0.985,CARPETS,29
142180_TOP_front.png,0.4958333333333333,0.4525,0.9733333333333334,0.805,TOP,32
142180_TOP_back.png,0.4983333333333333,0.505625,0.97,0.78625,TOP,32
142323_PLACE MAT_front.png,0.5029166666666667,0.5028125,0.9541666666666668,0.696875,PLACE MAT,26
142323_PLACE MAT_back.png,0.5008333333333334,0.4925,0.94,0.3875,PLACE MAT,26
142324_PLACE MAT_front.png,0.5004166666666666,0.5028125,0.9358333333333332,0.684375,PLACE MAT,26
142324_PLACE MAT_back.png,0.4908333333333333,0.4928125,0.9216666666666666,0.419375,PLACE MAT,26
142325_PLACE MAT_front.png,0.4975,0.4890625,0.9333333333333332,0.681875,PLACE MAT,26
142325_PLACE MAT_back.png,0.49625,0.55125,0.9308333333333332,0.445,PLACE MAT,26
142326_PLACE MAT_front.png,0.5083333333333333,0.5075,0.8966666666666666,0.65,PLACE MAT,26
142326_PLACE MAT_back.png,0.4966666666666666,0.5171875,0.9433333333333334,0.451875,PLACE MAT,26
142328_RUNNER_front.png,0.53,0.5209375,0.7466666666666667,0.909375,RUNNER,6
142328_RUNNER_back.png,0.5191666666666667,0.490625,0.9616666666666668,0.77,RUNNER,6
142329_RUNNER_front.png,0.53,0.5209375,0.7466666666666667,0.909375,RUNNER,6
142329_RUNNER_back.png,0.5191666666666667,0.490625,0.9616666666666668,0.77,RUNNER,6
142331_CUSHIONS_front.png,0.4954166666666666,0.495,0.9908333333333332,0.72125,CUSHIONS,1
142331_CUSHIONS_back.png,0.4933333333333333,0.5015625,0.9866666666666668,0.721875,CUSHIONS,1
142332_CUSHIONS_front.png,0.4975,0.4965625,0.98,0.718125,CUSHIONS,1
142332_CUSHIONS_back.png,0.5025,0.5034375,0.9766666666666668,0.719375,CUSHIONS,1
142333_PLACE MAT_front.png,0.5029166666666667,0.505,0.9691666666666666,0.74625,PLACE MAT,26
142333_PLACE MAT_back.png,0.5266666666666666,0.4771875,0.9466666666666668,0.718125,PLACE MAT,26
142334_NAPKIN_front.png,0.5216666666666666,0.50125,0.9033333333333332,0.715,NAPKIN,27
142334_NAPKIN_back.png,0.51875,0.5359375,0.8991666666666667,0.728125,NAPKIN,27
142335_NAPKIN_front.png,0.5083333333333333,0.436875,0.9216666666666666,0.6675,NAPKIN,27
142335_NAPKIN_back.png,0.5345833333333333,0.509375,0.9125,0.75,NAPKIN,27
142336_POUF_front.png,0.5029166666666667,0.506875,0.9358333333333332,0.6925,POUF,0
142336_POUF_back.png,0.5029166666666667,0.5090625,0.9291666666666668,0.686875,POUF,0
142337_PLACE MAT_front.png,0.4975,0.51875,0.9766666666666668,0.74375,PLACE MAT,26
142337_PLACE MAT_back.png,0.5266666666666666,0.4771875,0.9466666666666668,0.718125,PLACE MAT,26
142338_POUF_front.png,0.49375,0.5184375,0.9541666666666668,0.523125,POUF,0
142338_POUF_back.png,0.4908333333333333,0.5296875,0.9433333333333334,0.583125,POUF,0
142339_TABLE CLOTH_front.png,0.4479166666666667,0.5,0.4691666666666667,1.0,TABLE CLOTH,28
142339_TABLE CLOTH_back.png,0.455,0.5965625,0.4116666666666667,0.806875,TABLE CLOTH,28
142340_TABLE CLOTH_front.png,0.4479166666666667,0.5,0.4691666666666667,1.0,TABLE CLOTH,28
142340_TABLE CLOTH_back.png,0.455,0.5965625,0.4116666666666667,0.806875,TABLE CLOTH,28
142341_PLACE MAT_front.png,0.50125,0.5078125,0.8508333333333333,0.483125,PLACE MAT,26
142341_PLACE MAT_back.png,0.50125,0.5078125,0.8508333333333333,0.483125,PLACE MAT,26
142342_PLACE MAT_front.png,0.5016666666666667,0.5059375,0.9216666666666666,0.463125,PLACE MAT,26
142342_PLACE MAT_back.png,0.50625,0.529375,0.9875,0.92875,PLACE MAT,26
142343_PLACE MAT_front.png,0.5004166666666666,0.4775,0.9491666666666668,0.72375,PLACE MAT,26
142343_PLACE MAT_back.png,0.5266666666666666,0.4771875,0.9466666666666668,0.718125,PLACE MAT,26
142344_PLACE MAT_front.png,0.4991666666666666,0.4721875,0.9266666666666666,0.680625,PLACE MAT,26
142344_PLACE MAT_back.png,0.5266666666666666,0.4771875,0.9466666666666668,0.718125,PLACE MAT,26
142370_PLACE MAT_front.png,0.48875,0.496875,0.9375,0.7125,PLACE MAT,26
142370_PLACE MAT_back.png,0.5004166666666666,0.466875,0.9841666666666666,0.72375,PLACE MAT,26
142371_PLACE MAT_front.png,0.4983333333333333,0.509375,0.9966666666666668,0.71,PLACE MAT,26
142371_PLACE MAT_back.png,0.4891666666666667,0.5071875,0.9783333333333334,0.701875,PLACE MAT,26
142372_BOXES_front.png,0.5078125,0.48125,0.9671875,0.7390625,BOXES,13
142372_BOXES_back.png,0.5078125,0.48125,0.9671875,0.7390625,BOXES,13
142386_CUTLERY_front.png,0.1183333333333333,0.5565625,0.175,0.604375,CUTLERY,33
142386_CUTLERY_back.png,0.64125,0.8015625,0.7058333333333333,0.284375,CUTLERY,33
142387_CUTLERY_front.png,0.645,0.51125,0.25,0.96625,CUTLERY,33
142387_CUTLERY_back.png,0.6458333333333334,0.51875,0.25,0.925,CUTLERY,33
142388_CUTLERY_front.png,0.49,0.488125,0.9533333333333334,0.605,CUTLERY,33
142388_CUTLERY_back.png,0.4420833333333333,0.5478125,0.8841666666666667,0.576875,CUTLERY,33
142389_CUTLERY_front.png,0.50625,0.4796875,0.9625,0.601875,CUTLERY,33
142389_CUTLERY_back.png,0.5275,0.54125,0.945,0.43625,CUTLERY,33
142390_DECORATIVE PIECES_front.png,0.50875,0.5134375,0.5625,0.839375,DECORATIVE PIECES,14
142390_DECORATIVE PIECES_back.png,0.2729166666666666,0.5578125,0.4708333333333333,0.395625,DECORATIVE PIECES,14
142391_TABLE LAMP_front.png,0.497265625,0.501953125,0.53828125,0.90859375,TABLE LAMP,7
142391_TABLE LAMP_back.png,0.497265625,0.501953125,0.53828125,0.90859375,TABLE LAMP,7
142393_STOOLS_front.png,0.4933333333333333,0.5390625,0.885,0.669375,STOOLS,34
142393_STOOLS_back.png,0.5008333333333334,0.4746875,0.83,0.635625,STOOLS,34
142394_DECORATIVE PIECES_front.png,0.4933333333333333,0.4946875,0.4966666666666666,0.783125,DECORATIVE PIECES,14
142394_DECORATIVE PIECES_back.png,0.2525,0.5528125,0.4533333333333333,0.373125,DECORATIVE PIECES,14
142396_TABLE LAMP_front.png,0.4970833333333333,0.4975,0.6675,0.9775,TABLE LAMP,7
142396_TABLE LAMP_back.png,0.4970833333333333,0.4975,0.6675,0.9775,TABLE LAMP,7
142398_DECORATIVE PIECES_front.png,0.4945833333333333,0.510625,0.5025,0.78875,DECORATIVE PIECES,14
142398_DECORATIVE PIECES_back.png,0.2704166666666667,0.6015625,0.4625,0.356875,DECORATIVE PIECES,14
142401_TABLE LAMP_front.png,0.4859375,0.7390625,0.396875,0.440625,TABLE LAMP,7
142401_TABLE LAMP_back.png,0.4859375,0.7390625,0.396875,0.440625,TABLE LAMP,7
142404_DECORATIVE PIECES_front.png,0.48375,0.5134375,0.5108333333333334,0.795625,DECORATIVE PIECES,14
142404_DECORATIVE PIECES_back.png,0.25375,0.6315625,0.4458333333333333,0.335625,DECORATIVE PIECES,14
142405_CAKE STAND_front.png,0.4808333333333333,0.5053125,0.63,0.929375,CAKE STAND,35
142405_CAKE STAND_back.png,0.5091666666666667,0.4753125,0.5416666666666666,0.825625,CAKE STAND,35
142406_TABLE LAMP_front.png,0.5203125,0.4984375,0.684375,0.915625,TABLE LAMP,7
142406_TABLE LAMP_back.png,0.5203125,0.4984375,0.684375,0.915625,TABLE LAMP,7
142407_TABLE LAMP_front.png,0.50078125,0.69296875,0.4265625,0.540625,TABLE LAMP,7
142407_TABLE LAMP_back.png,0.50078125,0.69296875,0.4265625,0.540625,TABLE LAMP,7
142408_TABLE LAMP_front.png,0.491796875,0.4953125,0.56328125,0.959375,TABLE LAMP,7
142408_TABLE LAMP_back.png,0.491796875,0.4953125,0.56328125,0.959375,TABLE LAMP,7
142409_TABLE LAMP_front.png,0.48,0.50375,0.7083333333333334,0.95,TABLE LAMP,7
142409_TABLE LAMP_back.png,0.48,0.50375,0.7083333333333334,0.95,TABLE LAMP,7
142410_TABLE LAMP_front.png,0.49375,0.484375,0.7008333333333333,0.9,TABLE LAMP,7
142410_TABLE LAMP_back.png,0.49375,0.484375,0.7008333333333333,0.9,TABLE LAMP,7
142411_TABLE LAMP_front.png,0.499609375,0.494140625,0.54765625,0.87421875,TABLE LAMP,7
142411_TABLE LAMP_back.png,0.499609375,0.494140625,0.54765625,0.87421875,TABLE LAMP,7
142412_TABLE LAMP_front.png,0.5,0.509765625,0.58125,0.98046875,TABLE LAMP,7
142412_TABLE LAMP_back.png,0.5,0.509765625,0.58125,0.98046875,TABLE LAMP,7
142413_COASTERS_front.png,0.2408333333333333,0.709375,0.435,0.36125,COASTERS,36
142413_COASTERS_back.png,0.45625,0.5090625,0.8375,0.505625,COASTERS,36
142414_NAPKIN RING_front.png,0.509375,0.49609375,0.878125,0.5109375,NAPKIN RING,37
142414_NAPKIN RING_back.png,0.509375,0.49609375,0.878125,0.5109375,NAPKIN RING,37
142415_NAPKIN RING_front.png,0.6316666666666667,0.52625,0.23,0.165,NAPKIN RING,37
142415_NAPKIN RING_back.png,0.8804166666666666,0.504375,0.2291666666666666,0.1575,NAPKIN RING,37
142416_COASTERS_front.png,0.4991666666666666,0.4721875,0.9266666666666666,0.680625,COASTERS,36
142416_COASTERS_back.png,0.5266666666666666,0.4771875,0.9466666666666668,0.718125,COASTERS,36
142417_COASTERS_front.png,0.4975,0.51875,0.9766666666666668,0.74375,COASTERS,36
142417_COASTERS_back.png,0.5266666666666666,0.4771875,0.9466666666666668,0.718125,COASTERS,36
142418_COASTERS_front.png,0.5004166666666666,0.4775,0.9491666666666668,0.72375,COASTERS,36
142418_COASTERS_back.png,0.5266666666666666,0.4771875,0.9466666666666668,0.718125,COASTERS,36
142419_COASTERS_front.png,0.5029166666666667,0.505,0.9691666666666666,0.74625,COASTERS,36
142419_COASTERS_back.png,0.5266666666666666,0.4771875,0.9466666666666668,0.718125,COASTERS,36
142420_DECORATIVE PIECES_front.png,0.287890625,0.4890625,0.39296875,0.6375,DECORATIVE PIECES,14
142420_DECORATIVE PIECES_back.png,0.287890625,0.4890625,0.39296875,0.6375,DECORATIVE PIECES,14
142421_TABLE LAMP_front.png,0.4841666666666667,0.496875,0.6633333333333333,0.99375,TABLE LAMP,7
142421_TABLE LAMP_back.png,0.4841666666666667,0.496875,0.6633333333333333,0.99375,TABLE LAMP,7
142422_TABLE LAMP_front.png,0.51125,0.4934375,0.8475,0.963125,TABLE LAMP,7
142422_TABLE LAMP_back.png,0.5158333333333334,0.491875,0.8316666666666667,0.94,TABLE LAMP,7
142424_TABLE LAMP_front.png,0.506640625,0.50234375,0.49921875,0.8078125,TABLE LAMP,7
142424_TABLE LAMP_back.png,0.506640625,0.50234375,0.49921875,0.8078125,TABLE LAMP,7
142425_CHARGER PLATES_front.png,0.50625,0.5190625,0.9558333333333332,0.719375,CHARGER PLATES,30
142425_CHARGER PLATES_back.png,0.4916666666666666,0.4915625,0.9833333333333332,0.710625,CHARGER PLATES,30
142426_CHARGER PLATES_front.png,0.5033333333333333,0.459375,0.975,0.7925,CHARGER PLATES,30
142426_CHARGER PLATES_back.png,0.5016666666666667,0.4828125,0.9633333333333334,0.803125,CHARGER PLATES,30
142427_CHARGER PLATES_front.png,0.4966666666666666,0.4803125,0.9933333333333332,0.753125,CHARGER PLATES,30
142427_CHARGER PLATES_back.png,0.4966666666666666,0.475,0.9933333333333332,0.75,CHARGER PLATES,30
142428_BOXES_front.png,0.5016666666666667,0.5109375,0.99,0.696875,BOXES,13
142428_BOXES_back.png,0.5045833333333334,0.498125,0.9725,0.97125,BOXES,13
142429_BOXES_front.png,0.5029166666666667,0.5140625,0.9625,0.640625,BOXES,13
142429_BOXES_back.png,0.50625,0.5015625,0.9875,0.915625,BOXES,13
142430_DECORATIVE PIECES_front.png,0.287890625,0.4890625,0.39296875,0.6375,DECORATIVE PIECES,14
142430_DECORATIVE PIECES_back.png,0.287890625,0.4890625,0.39296875,0.6375,DECORATIVE PIECES,14
142431_DECORATIVE PIECES_front.png,0.4829166666666666,0.485625,0.7458333333333333,0.89625,DECORATIVE PIECES,14
142431_DECORATIVE PIECES_back.png,0.4933333333333333,0.50875,0.935,0.43625,DECORATIVE PIECES,14
142432_COASTERS_front.png,0.5041666666666667,0.4878125,0.835,0.630625,COASTERS,36
142432_COASTERS_back.png,0.5016666666666667,0.5065625,0.9583333333333334,0.719375,COASTERS,36
142433_SERVING TRAYS_front.png,0.5029166666666667,0.4475,0.9625,0.26625,SERVING TRAYS,38
142433_SERVING TRAYS_back.png,0.4995833333333333,0.50125,0.9508333333333332,0.49625,SERVING TRAYS,38
142434_SERVING TRAYS_front.png,0.5029166666666667,0.4475,0.9625,0.26625,SERVING TRAYS,38
142434_SERVING TRAYS_back.png,0.4995833333333333,0.50125,0.9508333333333332,0.49625,SERVING TRAYS,38
142435_DRINKING GLASSES_front.png,0.495,0.504375,0.8283333333333334,0.94625,DRINKING GLASSES,39
142435_DRINKING GLASSES_back.png,0.4970833333333333,0.5365625,0.9208333333333332,0.585625,DRINKING GLASSES,39
142436_CHARGER PLATES_front.png,0.5183333333333333,0.53375,0.81,0.60125,CHARGER PLATES,30
142436_CHARGER PLATES_back.png,0.4920833333333333,0.535625,0.9591666666666666,0.50125,CHARGER PLATES,30
142437_CUTLERY_front.png,0.3366666666666666,0.5328125,0.3333333333333333,0.878125,CUTLERY,33
142437_CUTLERY_back.png,0.4670833333333333,0.54125,0.3091666666666666,0.88125,CUTLERY,33
142438_CHARGER PLATES_front.png,0.5041666666666667,0.5246875,0.875,0.624375,CHARGER PLATES,30
142438_CHARGER PLATES_back.png,0.5045833333333334,0.5459375,0.9341666666666668,0.476875,CHARGER PLATES,30
142439_CUTLERY_front.png,0.4054166666666666,0.4284375,0.2041666666666666,0.761875,CUTLERY,33
142439_CUTLERY_back.png,0.3441666666666667,0.5040625,0.3266666666666666,0.924375,CUTLERY,33
142440_CUTLERY_front.png,0.6016666666666667,0.384375,0.2416666666666666,0.6625,CUTLERY,33
142440_CUTLERY_back.png,0.2283333333333333,0.464375,0.2183333333333333,0.7975,CUTLERY,33
142441_TABLE LAMP_front.png,0.5125,0.698125,0.6066666666666667,0.54,TABLE LAMP,7
142441_TABLE LAMP_back.png,0.51375,0.7,0.5908333333333333,0.525,TABLE LAMP,7
142442_TABLE LAMP_front.png,0.5204166666666666,0.506875,0.6141666666666666,0.915,TABLE LAMP,7
142442_TABLE LAMP_back.png,0.43984375,0.454296875,0.6765625,0.77734375,TABLE LAMP,7
142443_TABLE LAMP_front.png,0.380078125,0.4984375,0.41015625,0.971875,TABLE LAMP,7
142443_TABLE LAMP_back.png,0.380078125,0.4984375,0.41015625,0.971875,TABLE LAMP,7
142444_TABLE LAMP_front.png,0.5,0.51484375,0.503125,0.89375,TABLE LAMP,7
142444_TABLE LAMP_back.png,0.5,0.51484375,0.503125,0.89375,TABLE LAMP,7
142446_BOXES_front.png,0.496484375,0.498828125,0.85546875,0.62890625,BOXES,13
142446_BOXES_back.png,0.496484375,0.498828125,0.85546875,0.62890625,BOXES,13
142447_GARLAND_front.png,0.51484375,0.516796875,0.9578125,0.51015625,GARLAND,40
142447_GARLAND_back.png,0.51484375,0.516796875,0.9578125,0.51015625,GARLAND,40
142448_PLANTERS_front.png,0.50390625,0.42734375,0.2109375,0.8546875,PLANTERS,41
142448_PLANTERS_back.png,0.50390625,0.42734375,0.2109375,0.8546875,PLANTERS,41
142449_PLANTERS_front.png,0.5141666666666667,0.5378125,0.885,0.740625,PLANTERS,41
142449_PLANTERS_back.png,0.5141666666666667,0.5378125,0.885,0.740625,PLANTERS,41
142450_PLANTERS_front.png,0.5141666666666667,0.5378125,0.885,0.740625,PLANTERS,41
142450_PLANTERS_back.png,0.5141666666666667,0.5378125,0.885,0.740625,PLANTERS,41
142451_VASES_front.png,0.4841666666666667,0.530625,0.88,0.75,VASES,42
142451_VASES_back.png,0.4854166666666666,0.508125,0.9141666666666668,0.77625,VASES,42
142453_BOXES_front.png,0.504296875,0.5046875,0.88984375,0.6515625,BOXES,13
142453_BOXES_back.png,0.504296875,0.5046875,0.88984375,0.6515625,BOXES,13
142454_SERVING TRAYS_front.png,0.4891666666666667,0.5003125,0.8533333333333334,0.963125,SERVING TRAYS,38
142454_SERVING TRAYS_back.png,0.5033333333333333,0.5140625,0.9733333333333334,0.548125,SERVING TRAYS,38
142455_PLANTERS_front.png,0.4983333333333333,0.5384375,0.9783333333333334,0.664375,PLANTERS,41
142455_PLANTERS_back.png,0.5,0.5153125,0.9666666666666668,0.649375,PLANTERS,41
142456_PLANTERS_front.png,0.491015625,0.521484375,0.76796875,0.76171875,PLANTERS,41
142456_PLANTERS_back.png,0.491015625,0.521484375,0.76796875,0.76171875,PLANTERS,41
142457_PLANTERS_front.png,0.5004166666666666,0.5190625,0.9541666666666668,0.881875,PLANTERS,41
142457_PLANTERS_back.png,0.4991666666666666,0.5378125,0.9466666666666668,0.879375,PLANTERS,41
142459_WATERING CAN_front.png,0.45234375,0.551171875,0.25625,0.30859375,WATERING CAN,43
142459_WATERING CAN_back.png,0.45234375,0.551171875,0.25625,0.30859375,WATERING CAN,43
142461_SWEATSHIRT_front.png,0.5,0.5165625,1.0,0.820625,SWEATSHIRT,44
142461_SWEATSHIRT_back.png,0.49625,0.48625,0.9791666666666666,0.8025,SWEATSHIRT,44
142462_SHIRT_front.png,0.4879166666666666,0.5,0.7375,0.99375,SHIRT,2
142462_SHIRT_back.png,0.4591666666666666,0.49125,0.6666666666666666,0.9575,SHIRT,2
142463_JACKET_front.png,0.495,0.4459375,0.975,0.718125,JACKET,45
142463_JACKET_back.png,0.4983333333333333,0.4603125,0.9566666666666668,0.738125,JACKET,45
142464_SWEATSHIRT_front.png,0.4983333333333333,0.5015625,0.9966666666666668,0.815625,SWEATSHIRT,44
142464_SWEATSHIRT_back.png,0.5,0.5028125,1.0,0.619375,SWEATSHIRT,44
142465_SWEATERS_front.png,0.5020833333333333,0.5153125,0.9708333333333332,0.786875,SWEATERS,46
142465_SWEATERS_back.png,0.4970833333333333,0.52375,0.9941666666666666,0.78875,SWEATERS,46
142467_SWEATSHIRT_front.png,0.4966666666666666,0.475,0.98,0.7375,SWEATSHIRT,44
142467_SWEATSHIRT_back.png,0.5025,0.4675,0.9483333333333334,0.74125,SWEATSHIRT,44
142497_SWEATERS_back.png,0.5,0.5009375,1.0,0.374375,SWEATERS,46
142498_SWEATSHIRT_front.png,0.4966666666666666,0.515,0.98,0.4525,SWEATSHIRT,44
142498_SWEATSHIRT_back.png,0.4970833333333333,0.5140625,0.9808333333333332,0.453125,SWEATSHIRT,44
142499_SHIRT_front.png,0.4716666666666667,0.501875,0.8166666666666667,0.985,SHIRT,2
142497_SWEATERS_front.png,0.4954166666666666,0.495625,0.9775,0.42625,SWEATERS,46
142499_SHIRT_back.png,0.5016666666666667,0.503125,0.6983333333333334,0.97375,SHIRT,2
142500_SWEATERS_front.png,0.49875,0.499375,0.9841666666666666,0.66375,SWEATERS,46
142500_SWEATERS_back.png,0.4995833333333333,0.5003125,0.9858333333333332,0.566875,SWEATERS,46
142501_SWEATERS_front.png,0.5,0.53875,1.0,0.72125,SWEATERS,46
142501_SWEATERS_back.png,0.5,0.5484375,0.9866666666666668,0.778125,SWEATERS,46
142502_SWEATSHIRT_front.png,0.5,0.5015625,1.0,0.521875,SWEATSHIRT,44
142502_SWEATSHIRT_back.png,0.5,0.4828125,1.0,0.778125,SWEATSHIRT,44
142504_JACKET_front.png,0.4979166666666667,0.470625,0.9675,0.51,JACKET,45
142504_JACKET_back.png,0.4983333333333333,0.4921875,0.99,0.538125,JACKET,45
142505_SWEATERS_front.png,0.49625,0.475,0.9808333333333332,0.85,SWEATERS,46
142505_SWEATERS_back.png,0.5,0.504375,1.0,0.7775,SWEATERS,46
142506_TOP_front.png,0.49875,0.5046875,0.9825,0.590625,TOP,32
142506_TOP_back.png,0.5,0.5003125,1.0,0.566875,TOP,32
142507_SWEATERS_front.png,0.495,0.4675,0.9716666666666668,0.79,SWEATERS,46
142507_SWEATERS_back.png,0.4954166666666666,0.490625,0.9841666666666666,0.885,SWEATERS,46
142508_JUMPSUITS_front.png,0.49125,0.4896875,0.9408333333333332,0.970625,JUMPSUITS,17
142508_JUMPSUITS_back.png,0.4941666666666666,0.5,0.845,1.0,JUMPSUITS,17
142509_TOP_front.png,0.50375,0.4996875,0.9775,0.799375,TOP,32
142509_TOP_back.png,0.4933333333333333,0.5415625,0.9866666666666668,0.643125,TOP,32
142510_DRESS_front.png,0.4995833333333333,0.4984375,0.9941666666666666,0.620625,DRESS,8
142510_DRESS_back.png,0.5,0.49875,1.0,0.635,DRESS,8
142511_DRESS_front.png,0.50125,0.5,0.9841666666666666,0.88,DRESS,8
142511_DRESS_back.png,0.5,0.5009375,0.985,0.883125,DRESS,8
142512_SWEATSHIRT_front.png,0.5,0.5003125,0.9866666666666668,0.518125,SWEATSHIRT,44
142512_SWEATSHIRT_back.png,0.4983333333333333,0.5003125,0.9966666666666668,0.524375,SWEATSHIRT,44
142513_SWEATERS_front.png,0.5004166666666666,0.50125,0.9875,0.565,SWEATERS,46
142513_SWEATERS_back.png,0.4995833333333333,0.4996875,0.9858333333333332,0.586875,SWEATERS,46
142515_SWEATERS_front.png,0.5004166666666666,0.518125,0.9675,0.52375,SWEATERS,46
142515_SWEATERS_back.png,0.4991666666666666,0.5003125,0.9833333333333332,0.560625,SWEATERS,46
142516_DRESS_front.png,0.4995833333333333,0.5021875,0.9875,0.896875,DRESS,8
142516_DRESS_back.png,0.5004166666666666,0.5003125,0.9858333333333332,0.880625,DRESS,8
142518_SWEATSHIRT_front.png,0.5004166666666666,0.4996875,0.9941666666666666,0.555625,SWEATSHIRT,44
142518_SWEATSHIRT_back.png,0.4995833333333333,0.5025,0.9941666666666666,0.54625,SWEATSHIRT,44
142519_SKIRT_front.png,0.4995833333333333,0.4996875,0.9858333333333332,0.535625,SKIRT,24
142519_SKIRT_back.png,0.5,0.4996875,0.9866666666666668,0.504375,SKIRT,24
142520_SWEATERS_front.png,0.4979166666666667,0.5059375,0.9708333333333332,0.805625,SWEATERS,46
142520_SWEATERS_back.png,0.51,0.505,0.98,0.74125,SWEATERS,46
142521_SWEATERS_front.png,0.5,0.4809375,0.9733333333333334,0.736875,SWEATERS,46
142521_SWEATERS_back.png,0.50125,0.5253125,0.9841666666666666,0.724375,SWEATERS,46
142523_BLOUSE_front.png,0.4979166666666667,0.498125,0.9908333333333332,0.5025,BLOUSE,23
142523_BLOUSE_back.png,0.5,0.499375,0.9866666666666668,0.49875,BLOUSE,23
142524_RUGS_front.png,0.5140625,0.5015625,0.6140625,0.884375,RUGS,47
142524_RUGS_back.png,0.5140625,0.5015625,0.6140625,0.884375,RUGS,47
142525_RUGS_front.png,0.5008333333333334,0.504375,0.8316666666666667,0.95875,RUGS,47
142526_RUGS_front.png,0.5008333333333334,0.5065625,0.845,0.974375,RUGS,47
142526_RUGS_back.png,0.4953125,0.5,0.990625,1.0,RUGS,47
142527_RUGS_front.png,0.5140625,0.5015625,0.6140625,0.884375,RUGS,47
142527_RUGS_back.png,0.52,0.5015625,0.805,0.871875,RUGS,47
142528_RUGS_front.png,0.49921875,0.5328125,0.8875,0.8703125,RUGS,47
142528_RUGS_back.png,0.5,0.524609375,1.0,0.83828125,RUGS,47
142529_RUGS_front.png,0.516796875,0.5109375,0.61328125,0.890625,RUGS,47
142529_RUGS_back.png,0.516796875,0.5109375,0.61328125,0.890625,RUGS,47
142530_RUGS_front.png,0.516796875,0.5109375,0.61328125,0.890625,RUGS,47
142530_RUGS_back.png,0.516796875,0.5109375,0.61328125,0.890625,RUGS,47
142531_DECORATIVE PIECES_front.png,0.4983333333333333,0.5671875,0.6933333333333334,0.544375,DECORATIVE PIECES,14
142531_DECORATIVE PIECES_back.png,0.5029166666666667,0.5396875,0.7108333333333333,0.526875,DECORATIVE PIECES,14
142532_DECORATIVE PIECES_front.png,0.49,0.52625,0.6866666666666666,0.5875,DECORATIVE PIECES,14
142532_DECORATIVE PIECES_back.png,0.5070833333333333,0.5309375,0.6141666666666666,0.473125,DECORATIVE PIECES,14
142533_DECORATIVE PIECES_front.png,0.5125,0.745625,0.81,0.4525,DECORATIVE PIECES,14
142533_DECORATIVE PIECES_back.png,0.5070833333333333,0.7365625,0.8225,0.468125,DECORATIVE PIECES,14
142534_DECORATIVE PIECES_front.png,0.4983333333333333,0.51875,0.8133333333333334,0.50375,DECORATIVE PIECES,14
142534_DECORATIVE PIECES_back.png,0.4945833333333333,0.5290625,0.8641666666666666,0.425625,DECORATIVE PIECES,14
142540_CHRISTMAS ORNAMENT_front.png,0.4954166666666666,0.4515625,0.9658333333333332,0.903125,CHRISTMAS ORNAMENT,48
142540_CHRISTMAS ORNAMENT_back.png,0.4783333333333333,0.498125,0.8316666666666667,0.72875,CHRISTMAS ORNAMENT,48
142546_BOXES_front.png,0.4966666666666666,0.498125,0.9133333333333332,0.34625,BOXES,13
142546_BOXES_back.png,0.487109375,0.516796875,0.90546875,0.55234375,BOXES,13
142549_CHRISTMAS ORNAMENT_front.png,0.5004166666666666,0.490625,0.6358333333333334,0.98125,CHRISTMAS ORNAMENT,48
142549_CHRISTMAS ORNAMENT_back.png,0.4754166666666666,0.4821875,0.4525,0.964375,CHRISTMAS ORNAMENT,48
142553_CHRISTMAS ORNAMENT_front.png,0.4933333333333333,0.4615625,0.915,0.923125,CHRISTMAS ORNAMENT,48
142553_CHRISTMAS ORNAMENT_back.png,0.50375,0.478125,0.9341666666666668,0.95625,CHRISTMAS ORNAMENT,48
142554_CHRISTMAS ORNAMENT_front.png,0.4858333333333333,0.4915625,0.9333333333333332,0.844375,CHRISTMAS ORNAMENT,48
142554_CHRISTMAS ORNAMENT_back.png,0.4841666666666667,0.51625,0.9366666666666666,0.845,CHRISTMAS ORNAMENT,48
142555_CHRISTMAS ORNAMENT_front.png,0.51125,0.4934375,0.5175,0.980625,CHRISTMAS ORNAMENT,48
142555_CHRISTMAS ORNAMENT_back.png,0.4304166666666666,0.4996875,0.4675,0.993125,CHRISTMAS ORNAMENT,48
142556_CHRISTMAS ORNAMENT_front.png,0.4945833333333333,0.44625,0.9708333333333332,0.8925,CHRISTMAS ORNAMENT,48
142556_CHRISTMAS ORNAMENT_back.png,0.5079166666666667,0.48125,0.9841666666666666,0.9625,CHRISTMAS ORNAMENT,48
142558_CHRISTMAS ORNAMENT_front.png,0.53125,0.4625,0.6541666666666667,0.925,CHRISTMAS ORNAMENT,48
142558_CHRISTMAS ORNAMENT_back.png,0.49,0.543125,0.5316666666666666,0.71875,CHRISTMAS ORNAMENT,48
142559_CHRISTMAS ORNAMENT_front.png,0.52125,0.493125,0.8058333333333333,0.94625,CHRISTMAS ORNAMENT,48
142559_CHRISTMAS ORNAMENT_back.png,0.48875,0.4759375,0.9591666666666666,0.951875,CHRISTMAS ORNAMENT,48
142560_CHRISTMAS ORNAMENT_front.png,0.49625,0.495625,0.8358333333333333,0.99125,CHRISTMAS ORNAMENT,48
142560_CHRISTMAS ORNAMENT_back.png,0.5029166666666667,0.4821875,0.8025,0.964375,CHRISTMAS ORNAMENT,48
142561_CHRISTMAS ORNAMENT_front.png,0.4629166666666666,0.4971875,0.4958333333333333,0.994375,CHRISTMAS ORNAMENT,48
142561_CHRISTMAS ORNAMENT_back.png,0.4983333333333333,0.48,0.4316666666666666,0.96,CHRISTMAS ORNAMENT,48
142562_CHRISTMAS ORNAMENT_front.png,0.5095833333333334,0.489375,0.4475,0.97875,CHRISTMAS ORNAMENT,48
142562_CHRISTMAS ORNAMENT_back.png,0.4879166666666666,0.5603125,0.3858333333333333,0.845625,CHRISTMAS ORNAMENT,48
142563_CHRISTMAS ORNAMENT_front.png,0.50875,0.4778125,0.8491666666666666,0.955625,CHRISTMAS ORNAMENT,48
142563_CHRISTMAS ORNAMENT_back.png,0.4975,0.6784375,0.5683333333333334,0.481875,CHRISTMAS ORNAMENT,48
142564_CHRISTMAS ORNAMENT_front.png,0.4991666666666666,0.463125,0.9916666666666668,0.92625,CHRISTMAS ORNAMENT,48
142564_CHRISTMAS ORNAMENT_back.png,0.4895833333333333,0.45125,0.9641666666666666,0.9025,CHRISTMAS ORNAMENT,48
142565_CHRISTMAS ORNAMENT_front.png,0.5125,0.123125,0.2433333333333333,0.24625,CHRISTMAS ORNAMENT,48
142565_CHRISTMAS ORNAMENT_back.png,0.5504166666666667,0.13125,0.2375,0.23125,CHRISTMAS ORNAMENT,48
142566_CHRISTMAS ORNAMENT_front.png,0.5079166666666667,0.6296875,0.9658333333333332,0.516875,CHRISTMAS ORNAMENT,48
142566_CHRISTMAS ORNAMENT_back.png,0.4991666666666666,0.6325,0.94,0.51,CHRISTMAS ORNAMENT,48
142567_CHRISTMAS ORNAMENT_front.png,0.5054166666666666,0.5084375,0.8525,0.683125,CHRISTMAS ORNAMENT,48
142567_CHRISTMAS ORNAMENT_back.png,0.4495833333333333,0.579375,0.7108333333333333,0.4525,CHRISTMAS ORNAMENT,48
142568_CHRISTMAS ORNAMENT_front.png,0.48625,0.490625,0.4341666666666666,0.98125,CHRISTMAS ORNAMENT,48
142568_CHRISTMAS ORNAMENT_back.png,0.4779166666666666,0.4925,0.2725,0.985,CHRISTMAS ORNAMENT,48
142569_CHRISTMAS ORNAMENT_front.png,0.5075,0.5190625,0.7266666666666667,0.913125,CHRISTMAS ORNAMENT,48
142569_CHRISTMAS ORNAMENT_back.png,0.5,0.608125,0.5366666666666666,0.72125,CHRISTMAS ORNAMENT,48
142570_CHRISTMAS ORNAMENT_front.png,0.49875,0.495,0.3758333333333333,0.99,CHRISTMAS ORNAMENT,48
142570_CHRISTMAS ORNAMENT_back.png,0.51375,0.441875,0.3141666666666666,0.865,CHRISTMAS ORNAMENT,48
142571_STOCKING_front.png,0.4933333333333333,0.4984375,0.78,0.996875,STOCKING,4
142571_STOCKING_back.png,0.5066666666666667,0.4975,0.7233333333333334,0.98375,STOCKING,4
142572_CHRISTMAS ORNAMENT_front.png,0.5108333333333334,0.446875,0.8383333333333334,0.89375,CHRISTMAS ORNAMENT,48
142572_CHRISTMAS ORNAMENT_back.png,0.4883333333333333,0.4671875,0.6983333333333334,0.921875,CHRISTMAS ORNAMENT,48
142580_CHRISTMAS ORNAMENT_front.png,0.4975,0.4584375,0.955,0.916875,CHRISTMAS ORNAMENT,48
142580_CHRISTMAS ORNAMENT_back.png,0.50375,0.4559375,0.9675,0.911875,CHRISTMAS ORNAMENT,48
142581_CHRISTMAS ORNAMENT_front.png,0.4970833333333333,0.4325,0.9941666666666666,0.865,CHRISTMAS ORNAMENT,48
142581_CHRISTMAS ORNAMENT_back.png,0.4979166666666667,0.45,0.9575,0.9,CHRISTMAS ORNAMENT,48
142582_CHRISTMAS ORNAMENT_front.png,0.49,0.466875,0.905,0.93375,CHRISTMAS ORNAMENT,48
142582_CHRISTMAS ORNAMENT_back.png,0.5266666666666666,0.5609375,0.89,0.815625,CHRISTMAS ORNAMENT,48
142584_CHRISTMAS ORNAMENT_front.png,0.5054166666666666,0.4575,0.9558333333333332,0.915,CHRISTMAS ORNAMENT,48
142584_CHRISTMAS ORNAMENT_back.png,0.49125,0.5934375,0.8108333333333333,0.786875,CHRISTMAS ORNAMENT,48
142586_CHRISTMAS ORNAMENT_front.png,0.5029166666666667,0.510625,0.9475,0.86875,CHRISTMAS ORNAMENT,48
142586_CHRISTMAS ORNAMENT_back.png,0.4916666666666666,0.5084375,0.9766666666666668,0.915625,CHRISTMAS ORNAMENT,48
142589_CHRISTMAS ORNAMENT_front.png,0.5366666666666666,0.4875,0.68,0.975,CHRISTMAS ORNAMENT,48
142589_CHRISTMAS ORNAMENT_back.png,0.4525,0.48375,0.8916666666666667,0.94,CHRISTMAS ORNAMENT,48
142590_CHRISTMAS ORNAMENT_front.png,0.4608333333333333,0.5209375,0.9216666666666666,0.865625,CHRISTMAS ORNAMENT,48
142590_CHRISTMAS ORNAMENT_back.png,0.5695833333333333,0.593125,0.7741666666666667,0.72375,CHRISTMAS ORNAMENT,48
142593_CHRISTMAS ORNAMENT_front.png,0.4970833333333333,0.5328125,0.9741666666666666,0.753125,CHRISTMAS ORNAMENT,48
142593_CHRISTMAS ORNAMENT_back.png,0.5,0.5428125,0.9683333333333334,0.743125,CHRISTMAS ORNAMENT,48
142594_CHRISTMAS ORNAMENT_front.png,0.51875,0.5015625,0.6108333333333333,0.996875,CHRISTMAS ORNAMENT,48
142594_CHRISTMAS ORNAMENT_back.png,0.47125,0.4946875,0.5558333333333333,0.953125,CHRISTMAS ORNAMENT,48
142595_CHRISTMAS ORNAMENT_front.png,0.4954166666666666,0.523125,0.9908333333333332,0.91,CHRISTMAS ORNAMENT,48
142595_CHRISTMAS ORNAMENT_back.png,0.47875,0.4965625,0.9575,0.893125,CHRISTMAS ORNAMENT,48
142596_CHRISTMAS ORNAMENT_front.png,0.475,0.493125,0.485,0.98625,CHRISTMAS ORNAMENT,48
142596_CHRISTMAS ORNAMENT_back.png,0.4883333333333333,0.4996875,0.4866666666666667,0.955625,CHRISTMAS ORNAMENT,48
142597_TREE COLLAR_front.png,0.4954166666666666,0.5253125,0.9658333333333332,0.593125,TREE COLLAR,49
142597_TREE COLLAR_back.png,0.4979166666666667,0.5175,0.9308333333333332,0.57,TREE COLLAR,49
142599_CHRISTMAS ORNAMENT_front.png,0.4920833333333333,0.50625,0.5208333333333334,0.96,CHRISTMAS ORNAMENT,48
142599_CHRISTMAS ORNAMENT_back.png,0.5066666666666667,0.1734375,0.2316666666666666,0.346875,CHRISTMAS ORNAMENT,48
142601_CHRISTMAS ORNAMENT_front.png,0.5008333333333334,0.479375,0.9733333333333334,0.64125,CHRISTMAS ORNAMENT,48
142601_CHRISTMAS ORNAMENT_back.png,0.5033333333333333,0.418125,0.9933333333333332,0.83625,CHRISTMAS ORNAMENT,48
142602_CHRISTMAS ORNAMENT_front.png,0.4945833333333333,0.458125,0.8141666666666667,0.91625,CHRISTMAS ORNAMENT,48
142602_CHRISTMAS ORNAMENT_back.png,0.5025,0.4840625,0.73,0.924375,CHRISTMAS ORNAMENT,48
142603_CHRISTMAS ORNAMENT_front.png,0.4933333333333333,0.5996875,0.2933333333333333,0.800625,CHRISTMAS ORNAMENT,48
142603_CHRISTMAS ORNAMENT_back.png,0.5120833333333333,0.503125,0.3425,0.99375,CHRISTMAS ORNAMENT,48
142604_CHRISTMAS ORNAMENT_front.png,0.4795833333333333,0.471875,0.9591666666666666,0.84875,CHRISTMAS ORNAMENT,48
142604_CHRISTMAS ORNAMENT_back.png,0.4891666666666667,0.5625,0.9783333333333334,0.7375,CHRISTMAS ORNAMENT,48
142605_CHRISTMAS ORNAMENT_front.png,0.4770833333333333,0.4990625,0.9208333333333332,0.979375,CHRISTMAS ORNAMENT,48
142605_CHRISTMAS ORNAMENT_back.png,0.5104166666666666,0.498125,0.9275,0.985,CHRISTMAS ORNAMENT,48
142606_CHRISTMAS ORNAMENT_front.png,0.4945833333333333,0.499375,0.9641666666666666,0.76125,CHRISTMAS ORNAMENT,48
142606_CHRISTMAS ORNAMENT_back.png,0.4683333333333333,0.4553125,0.9366666666666666,0.676875,CHRISTMAS ORNAMENT,48
142607_CHRISTMAS ORNAMENT_front.png,0.3558333333333333,0.30125,0.5433333333333333,0.54375,CHRISTMAS ORNAMENT,48
142607_CHRISTMAS ORNAMENT_back.png,0.48875,0.35375,0.2641666666666666,0.3925,CHRISTMAS ORNAMENT,48
142608_CHRISTMAS ORNAMENT_front.png,0.5108333333333334,0.471875,0.9283333333333332,0.85625,CHRISTMAS ORNAMENT,48
142608_CHRISTMAS ORNAMENT_back.png,0.5108333333333334,0.471875,0.9283333333333332,0.85625,CHRISTMAS ORNAMENT,48
142609_CHRISTMAS ORNAMENT_front.png,0.5,0.453125,1.0,0.90625,CHRISTMAS ORNAMENT,48
142609_CHRISTMAS ORNAMENT_back.png,0.5033333333333333,0.448125,0.9933333333333332,0.8625,CHRISTMAS ORNAMENT,48
142610_CHRISTMAS ORNAMENT_front.png,0.4979166666666667,0.4509375,0.9891666666666666,0.808125,CHRISTMAS ORNAMENT,48
142610_CHRISTMAS ORNAMENT_back.png,0.4954166666666666,0.481875,0.9775,0.8025,CHRISTMAS ORNAMENT,48
142611_CHRISTMAS ORNAMENT_front.png,0.4958333333333333,0.473125,0.9733333333333334,0.81875,CHRISTMAS ORNAMENT,48
142611_CHRISTMAS ORNAMENT_back.png,0.4966666666666666,0.468125,0.9933333333333332,0.8475,CHRISTMAS ORNAMENT,48
142613_CHRISTMAS ORNAMENT_front.png,0.5,0.6609375,0.225,0.413125,CHRISTMAS ORNAMENT,48
142613_CHRISTMAS ORNAMENT_back.png,0.48875,0.52,0.7891666666666667,0.635,CHRISTMAS ORNAMENT,48
142614_CHRISTMAS ORNAMENT_front.png,0.2741666666666666,0.4828125,0.52,0.434375,CHRISTMAS ORNAMENT,48
142614_CHRISTMAS ORNAMENT_back.png,0.4891666666666667,0.4565625,0.96,0.913125,CHRISTMAS ORNAMENT,48
142615_CHRISTMAS ORNAMENT_front.png,0.50125,0.514375,0.9275,0.71,CHRISTMAS ORNAMENT,48
142615_CHRISTMAS ORNAMENT_back.png,0.4954166666666666,0.48125,0.9658333333333332,0.725,CHRISTMAS ORNAMENT,48
142616_CHRISTMAS ORNAMENT_front.png,0.505,0.745,0.1883333333333333,0.35375,CHRISTMAS ORNAMENT,48
142616_CHRISTMAS ORNAMENT_back.png,0.4841666666666667,0.4478125,0.5483333333333333,0.895625,CHRISTMAS ORNAMENT,48
142617_CHRISTMAS ORNAMENT_front.png,0.5133333333333333,0.4546875,0.8183333333333334,0.909375,CHRISTMAS ORNAMENT,48
142617_CHRISTMAS ORNAMENT_back.png,0.5083333333333333,0.4528125,0.86,0.905625,CHRISTMAS ORNAMENT,48
142618_CHRISTMAS ORNAMENT_front.png,0.5033333333333333,0.4559375,0.875,0.911875,CHRISTMAS ORNAMENT,48
142618_CHRISTMAS ORNAMENT_back.png,0.4854166666666666,0.46875,0.8658333333333333,0.9375,CHRISTMAS ORNAMENT,48
142619_CHRISTMAS ORNAMENT_front.png,0.4995833333333333,0.70125,0.2991666666666667,0.335,CHRISTMAS ORNAMENT,48
142619_CHRISTMAS ORNAMENT_back.png,0.50625,0.4459375,0.4375,0.660625,CHRISTMAS ORNAMENT,48
142620_CHRISTMAS ORNAMENT_front.png,0.4875,0.5065625,0.61,0.950625,CHRISTMAS ORNAMENT,48
142620_CHRISTMAS ORNAMENT_back.png,0.4879166666666666,0.5146875,0.8175,0.970625,CHRISTMAS ORNAMENT,48
142621_CHRISTMAS ORNAMENT_front.png,0.4979166666666667,0.465625,0.9158333333333334,0.93125,CHRISTMAS ORNAMENT,48
142621_CHRISTMAS ORNAMENT_back.png,0.4991666666666666,0.4825,0.8983333333333333,0.95125,CHRISTMAS ORNAMENT,48
142622_CHRISTMAS ORNAMENT_front.png,0.5070833333333333,0.4265625,0.9708333333333332,0.853125,CHRISTMAS ORNAMENT,48
142622_CHRISTMAS ORNAMENT_back.png,0.4979166666666667,0.4553125,0.9775,0.910625,CHRISTMAS ORNAMENT,48
142623_RUNNER_front.png,0.44375,0.5003125,0.4991666666666666,0.969375,RUNNER,6
142623_RUNNER_back.png,0.4283333333333333,0.498125,0.5116666666666667,0.985,RUNNER,6
142624_CUSHIONS_front.png,0.4954166666666666,0.555,0.9908333333333332,0.71625,CUSHIONS,1
142624_CUSHIONS_back.png,0.4625,0.5171875,0.8816666666666667,0.658125,CUSHIONS,1
142625_RUNNER_front.png,0.5,0.5,0.2625,1.0,RUNNER,6
142625_RUNNER_back.png,0.5,0.5,0.2625,1.0,RUNNER,6
142626_RUNNER_front.png,0.4979166666666667,0.5028125,0.8641666666666666,0.994375,RUNNER,6
142626_RUNNER_back.png,0.5041666666666667,0.503125,0.95,0.95625,RUNNER,6
142627_RUNNER_front.png,0.4829166666666666,0.5,0.7191666666666666,0.98125,RUNNER,6
142627_RUNNER_back.png,0.5025,0.496875,0.9766666666666668,0.905,RUNNER,6
142630_RUNNER_front.png,0.4966666666666666,0.5028125,0.7,0.949375,RUNNER,6
142630_RUNNER_back.png,0.5,0.5,0.2625,1.0,RUNNER,6
142631_CUSHIONS_front.png,0.49875,0.4925,0.9908333333333332,0.70375,CUSHIONS,1
142631_CUSHIONS_back.png,0.4983333333333333,0.495625,0.9533333333333334,0.7025,CUSHIONS,1
142632_CUSHIONS_front.png,0.4941666666666666,0.49,0.9883333333333332,0.7425,CUSHIONS,1
142632_CUSHIONS_back.png,0.5,0.5090625,1.0,0.749375,CUSHIONS,1
142633_CUSHIONS_front.png,0.5,0.49375,1.0,0.74375,CUSHIONS,1
142633_CUSHIONS_back.png,0.5,0.484375,0.9816666666666668,0.7625,CUSHIONS,1
142635_CHRISTMAS ORNAMENT_front.png,0.5075,0.43875,0.83,0.8775,CHRISTMAS ORNAMENT,48
142635_CHRISTMAS ORNAMENT_back.png,0.5079166666666667,0.3853125,0.4575,0.770625,CHRISTMAS ORNAMENT,48
142636_CHRISTMAS ORNAMENT_front.png,0.5091666666666667,0.4003125,0.7816666666666666,0.800625,CHRISTMAS ORNAMENT,48
142636_CHRISTMAS ORNAMENT_back.png,0.5329166666666667,0.4946875,0.5691666666666667,0.501875,CHRISTMAS ORNAMENT,48
142637_CHRISTMAS ORNAMENT_front.png,0.4995833333333333,0.52375,0.9125,0.765,CHRISTMAS ORNAMENT,48
142637_CHRISTMAS ORNAMENT_back.png,0.495,0.5025,0.9016666666666666,0.71125,CHRISTMAS ORNAMENT,48
142638_CHRISTMAS ORNAMENT_front.png,0.4970833333333333,0.44375,0.8441666666666666,0.8875,CHRISTMAS ORNAMENT,48
142638_CHRISTMAS ORNAMENT_back.png,0.49375,0.4459375,0.9808333333333332,0.859375,CHRISTMAS ORNAMENT,48
142639_CHRISTMAS ORNAMENT_front.png,0.49375,0.473125,0.9691666666666666,0.67,CHRISTMAS ORNAMENT,48
142639_CHRISTMAS ORNAMENT_back.png,0.49375,0.473125,0.9691666666666666,0.67,CHRISTMAS ORNAMENT,48
142640_CHRISTMAS ORNAMENT_front.png,0.4816666666666667,0.4234375,0.895,0.846875,CHRISTMAS ORNAMENT,48
142640_CHRISTMAS ORNAMENT_back.png,0.497265625,0.493359375,0.83515625,0.85078125,CHRISTMAS ORNAMENT,48
142641_CHRISTMAS ORNAMENT_front.png,0.50375,0.4734375,0.8758333333333334,0.946875,CHRISTMAS ORNAMENT,48
142641_CHRISTMAS ORNAMENT_back.png,0.5045833333333334,0.45875,0.7758333333333334,0.9175,CHRISTMAS ORNAMENT,48
142642_DECORATIVE PIECES_front.png,0.4791666666666667,0.491875,0.9583333333333334,0.82,DECORATIVE PIECES,14
142642_DECORATIVE PIECES_back.png,0.5058333333333334,0.4953125,0.9883333333333332,0.834375,DECORATIVE PIECES,14
142643_CHRISTMAS ORNAMENT_front.png,0.50375,0.4525,0.8708333333333333,0.905,CHRISTMAS ORNAMENT,48
142643_CHRISTMAS ORNAMENT_back.png,0.5,0.42265625,0.4604166666666666,0.759375,CHRISTMAS ORNAMENT,48
142644_CHRISTMAS ORNAMENT_front.png,0.49625,0.4896875,0.9091666666666668,0.968125,CHRISTMAS ORNAMENT,48
142644_CHRISTMAS ORNAMENT_back.png,0.4754166666666666,0.6125,0.8975,0.66625,CHRISTMAS ORNAMENT,48
142645_CHRISTMAS ORNAMENT_front.png,0.49375,0.581875,0.5558333333333333,0.49625,CHRISTMAS ORNAMENT,48
142645_CHRISTMAS ORNAMENT_back.png,0.5083333333333333,0.4903125,0.4333333333333333,0.936875,CHRISTMAS ORNAMENT,48
142646_CHRISTMAS ORNAMENT_front.png,0.5091666666666667,0.47125,0.9366666666666666,0.9425,CHRISTMAS ORNAMENT,48
142646_CHRISTMAS ORNAMENT_back.png,0.49875,0.4684375,0.9441666666666668,0.936875,CHRISTMAS ORNAMENT,48
142647_CHRISTMAS ORNAMENT_front.png,0.5283333333333333,0.523125,0.65,0.8725,CHRISTMAS ORNAMENT,48
142647_CHRISTMAS ORNAMENT_back.png,0.5345833333333333,0.52875,0.6558333333333334,0.91125,CHRISTMAS ORNAMENT,48
142648_CHRISTMAS ORNAMENT_front.png,0.5008333333333334,0.466875,0.9533333333333334,0.93375,CHRISTMAS ORNAMENT,48
142648_CHRISTMAS ORNAMENT_back.png,0.5058333333333334,0.4846875,0.6233333333333333,0.943125,CHRISTMAS ORNAMENT,48
142649_CHRISTMAS ORNAMENT_front.png,0.4908333333333333,0.5171875,0.9816666666666668,0.771875,CHRISTMAS ORNAMENT,48
142649_CHRISTMAS ORNAMENT_back.png,0.50375,0.5153125,0.9925,0.756875,CHRISTMAS ORNAMENT,48
142650_CHRISTMAS ORNAMENT_front.png,0.4954166666666666,0.4625,0.9908333333333332,0.925,CHRISTMAS ORNAMENT,48
142650_CHRISTMAS ORNAMENT_back.png,0.475,0.375,0.65,0.75,CHRISTMAS ORNAMENT,48
142651_CHRISTMAS ORNAMENT_front.png,0.5108333333333334,0.5015625,0.55,0.984375,CHRISTMAS ORNAMENT,48
142651_CHRISTMAS ORNAMENT_back.png,0.5283333333333333,0.5771875,0.53,0.788125,CHRISTMAS ORNAMENT,48
142652_CHRISTMAS ORNAMENT_front.png,0.4791666666666667,0.45125,0.8583333333333333,0.9025,CHRISTMAS ORNAMENT,48
142652_CHRISTMAS ORNAMENT_back.png,0.4904166666666666,0.476875,0.6558333333333334,0.95375,CHRISTMAS ORNAMENT,48
142653_DECORATIVE PIECES_front.png,0.5,0.5,1.0,1.0,DECORATIVE PIECES,14
142653_DECORATIVE PIECES_back.png,0.5158333333333334,0.5078125,0.9683333333333334,0.740625,DECORATIVE PIECES,14
142654_CHRISTMAS ORNAMENT_front.png,0.49875,0.438125,0.9408333333333332,0.87625,CHRISTMAS ORNAMENT,48
142654_CHRISTMAS ORNAMENT_back.png,0.48875,0.329375,0.4858333333333333,0.65875,CHRISTMAS ORNAMENT,48
142655_CHRISTMAS ORNAMENT_front.png,0.5129166666666667,0.4703125,0.8158333333333333,0.940625,CHRISTMAS ORNAMENT,48
142655_CHRISTMAS ORNAMENT_back.png,0.5270833333333333,0.5196875,0.7508333333333334,0.813125,CHRISTMAS ORNAMENT,48
142656_CHRISTMAS ORNAMENT_front.png,0.5108333333333334,0.478125,0.7533333333333333,0.95625,CHRISTMAS ORNAMENT,48
142656_CHRISTMAS ORNAMENT_back.png,0.5120833333333333,0.4921875,0.7625,0.984375,CHRISTMAS ORNAMENT,48
142657_CHRISTMAS ORNAMENT_front.png,0.5,0.4953125,1.0,0.990625,CHRISTMAS ORNAMENT,48
142657_CHRISTMAS ORNAMENT_back.png,0.5,0.4953125,1.0,0.990625,CHRISTMAS ORNAMENT,48
142658_CHRISTMAS ORNAMENT_front.png,0.5154166666666666,0.5021875,0.7925,0.960625,CHRISTMAS ORNAMENT,48
142658_CHRISTMAS ORNAMENT_back.png,0.4970833333333333,0.5046875,0.8191666666666667,0.990625,CHRISTMAS ORNAMENT,48
142659_CHRISTMAS ORNAMENT_front.png,0.6566666666666666,0.49875,0.63,0.96625,CHRISTMAS ORNAMENT,48
142659_CHRISTMAS ORNAMENT_back.png,0.50625,0.509375,0.8375,0.98125,CHRISTMAS ORNAMENT,48
142660_CHRISTMAS ORNAMENT_front.png,0.50625,0.42625,0.9741666666666666,0.8525,CHRISTMAS ORNAMENT,48
142660_CHRISTMAS ORNAMENT_back.png,0.4970833333333333,0.4715625,0.9791666666666666,0.888125,CHRISTMAS ORNAMENT,48
142661_CHRISTMAS ORNAMENT_front.png,0.5020833333333333,0.424375,0.7391666666666666,0.84875,CHRISTMAS ORNAMENT,48
142661_CHRISTMAS ORNAMENT_back.png,0.5120833333333333,0.4840625,0.4325,0.961875,CHRISTMAS ORNAMENT,48
142662_CHRISTMAS ORNAMENT_front.png,0.4891666666666667,0.5184375,0.9783333333333334,0.741875,CHRISTMAS ORNAMENT,48
142662_CHRISTMAS ORNAMENT_back.png,0.49625,0.4978125,0.9741666666666666,0.926875,CHRISTMAS ORNAMENT,48
142663_CHRISTMAS ORNAMENT_front.png,0.5079166666666667,0.4725,0.8325,0.945,CHRISTMAS ORNAMENT,48
142663_CHRISTMAS ORNAMENT_back.png,0.50125,0.473125,0.8025,0.94625,CHRISTMAS ORNAMENT,48
142664_CHRISTMAS ORNAMENT_front.png,0.5033333333333333,0.4371875,0.8983333333333333,0.874375,CHRISTMAS ORNAMENT,48
142664_CHRISTMAS ORNAMENT_back.png,0.5116666666666667,0.5875,0.9266666666666666,0.6625,CHRISTMAS ORNAMENT,48
142665_CHRISTMAS ORNAMENT_front.png,0.5095833333333334,0.484375,0.7875,0.96875,CHRISTMAS ORNAMENT,48
142665_CHRISTMAS ORNAMENT_back.png,0.4916666666666666,0.484375,0.7883333333333333,0.96875,CHRISTMAS ORNAMENT,48
142666_CHRISTMAS ORNAMENT_front.png,0.50625,0.4825,0.8875,0.965,CHRISTMAS ORNAMENT,48
142666_CHRISTMAS ORNAMENT_back.png,0.4895833333333333,0.486875,0.8791666666666667,0.97375,CHRISTMAS ORNAMENT,48
142667_CHRISTMAS ORNAMENT_front.png,0.5241666666666667,0.495,0.485,0.98375,CHRISTMAS ORNAMENT,48
142667_CHRISTMAS ORNAMENT_back.png,0.51375,0.4959375,0.4758333333333333,0.968125,CHRISTMAS ORNAMENT,48
142668_CHRISTMAS ORNAMENT_front.png,0.4870833333333333,0.475625,0.9608333333333332,0.855,CHRISTMAS ORNAMENT,48
142668_CHRISTMAS ORNAMENT_back.png,0.5229166666666667,0.508125,0.8841666666666667,0.72375,CHRISTMAS ORNAMENT,48
142669_CHRISTMAS ORNAMENT_front.png,0.4945833333333333,0.52375,0.9175,0.68375,CHRISTMAS ORNAMENT,48
142669_CHRISTMAS ORNAMENT_back.png,0.5,0.509375,0.9933333333333332,0.7375,CHRISTMAS ORNAMENT,48
142670_CHRISTMAS ORNAMENT_front.png,0.5070833333333333,0.4796875,0.9458333333333332,0.889375,CHRISTMAS ORNAMENT,48
142670_CHRISTMAS ORNAMENT_back.png,0.4979166666666667,0.506875,0.9908333333333332,0.8525,CHRISTMAS ORNAMENT,48
142671_CHRISTMAS ORNAMENT_front.png,0.49875,0.4503125,0.8225,0.900625,CHRISTMAS ORNAMENT,48
142671_CHRISTMAS ORNAMENT_back.png,0.49875,0.4503125,0.8225,0.900625,CHRISTMAS ORNAMENT,48
142672_CHRISTMAS ORNAMENT_front.png,0.4358333333333333,0.5,0.8466666666666667,1.0,CHRISTMAS ORNAMENT,48
142672_CHRISTMAS ORNAMENT_back.png,0.5045833333333334,0.446875,0.7725,0.89375,CHRISTMAS ORNAMENT,48
142673_CHRISTMAS ORNAMENT_front.png,0.5141666666666667,0.4665625,0.72,0.933125,CHRISTMAS ORNAMENT,48
142673_CHRISTMAS ORNAMENT_back.png,0.51375,0.4925,0.4375,0.97875,CHRISTMAS ORNAMENT,48
142674_CHRISTMAS ORNAMENT_front.png,0.4795833333333333,0.4940625,0.7758333333333334,0.988125,CHRISTMAS ORNAMENT,48
142674_CHRISTMAS ORNAMENT_back.png,0.49875,0.4953125,0.9725,0.940625,CHRISTMAS ORNAMENT,48
142675_CHRISTMAS ORNAMENT_front.png,0.4966666666666666,0.4775,0.8216666666666667,0.955,CHRISTMAS ORNAMENT,48
142675_CHRISTMAS ORNAMENT_back.png,0.4804166666666666,0.4759375,0.8108333333333333,0.951875,CHRISTMAS ORNAMENT,48
142676_CHRISTMAS ORNAMENT_front.png,0.5133333333333333,0.4765625,0.22,0.953125,CHRISTMAS ORNAMENT,48
142676_CHRISTMAS ORNAMENT_back.png,0.5116666666666667,0.4740625,0.205,0.890625,CHRISTMAS ORNAMENT,48
142677_DECORATIVE PIECES_front.png,0.3941666666666666,0.53875,0.5483333333333333,0.8975,DECORATIVE PIECES,14
142677_DECORATIVE PIECES_back.png,0.3941666666666666,0.53875,0.5483333333333333,0.8975,DECORATIVE PIECES,14
142678_TREE COLLAR_front.png,0.49375,0.5203125,0.9725,0.501875,TREE COLLAR,49
142678_TREE COLLAR_back.png,0.4979166666666667,0.5265625,0.9841666666666666,0.513125,TREE COLLAR,49
142679_CHRISTMAS ORNAMENT_front.png,0.4891666666666667,0.38875,0.94,0.7775,CHRISTMAS ORNAMENT,48
142679_CHRISTMAS ORNAMENT_back.png,0.4833333333333333,0.3934375,0.5933333333333334,0.456875,CHRISTMAS ORNAMENT,48
142680_DECORATIVE PIECES_front.png,0.5004166666666666,0.5121875,0.9625,0.761875,DECORATIVE PIECES,14
142680_DECORATIVE PIECES_back.png,0.5016666666666667,0.4959375,0.99,0.758125,DECORATIVE PIECES,14
142681_CHRISTMAS ORNAMENT_front.png,0.5075,0.865625,0.3216666666666666,0.26875,CHRISTMAS ORNAMENT,48
142681_CHRISTMAS ORNAMENT_back.png,0.4858333333333333,0.52125,0.8783333333333333,0.94625,CHRISTMAS ORNAMENT,48
142682_STOCKING_front.png,0.4954166666666666,0.461875,0.8841666666666667,0.72375,STOCKING,4
142682_STOCKING_back.png,0.5004166666666666,0.476875,0.9858333333333332,0.82125,STOCKING,4
142683_CHRISTMAS ORNAMENT_front.png,0.4766666666666667,0.4840625,0.9533333333333334,0.968125,CHRISTMAS ORNAMENT,48
142683_CHRISTMAS ORNAMENT_back.png,0.5179166666666667,0.4828125,0.8958333333333334,0.965625,CHRISTMAS ORNAMENT,48
142684_CHRISTMAS ORNAMENT_front.png,0.5233333333333333,0.446875,0.9216666666666666,0.89375,CHRISTMAS ORNAMENT,48
142684_CHRISTMAS ORNAMENT_back.png,0.5158333333333334,0.5753125,0.5433333333333333,0.524375,CHRISTMAS ORNAMENT,48
142685_CHRISTMAS ORNAMENT_front.png,0.5170833333333333,0.493125,0.6158333333333333,0.98625,CHRISTMAS ORNAMENT,48
142685_CHRISTMAS ORNAMENT_back.png,0.48875,0.4959375,0.6308333333333334,0.980625,CHRISTMAS ORNAMENT,48
142686_STOCKING_front.png,0.5020833333333333,0.4965625,0.8391666666666666,0.988125,STOCKING,4
142686_STOCKING_back.png,0.4929166666666666,0.4946875,0.6608333333333334,0.989375,STOCKING,4
142687_CHRISTMAS ORNAMENT_front.png,0.5016666666666667,0.4521875,0.9766666666666668,0.760625,CHRISTMAS ORNAMENT,48
142687_CHRISTMAS ORNAMENT_back.png,0.5016666666666667,0.4521875,0.9766666666666668,0.760625,CHRISTMAS ORNAMENT,48
142688_TREE SKIRT_front.png,0.5,0.498125,1.0,0.74125,TREE SKIRT,50
142688_TREE SKIRT_back.png,0.5025,0.480625,0.9766666666666668,0.74625,TREE SKIRT,50
142689_CHRISTMAS ORNAMENT_front.png,0.4975,0.4596875,0.97,0.536875,CHRISTMAS ORNAMENT,48
142689_CHRISTMAS ORNAMENT_back.png,0.5004166666666666,0.45875,0.9741666666666666,0.53375,CHRISTMAS ORNAMENT,48
142690_TREE SKIRT_front.png,0.5008333333333334,0.481875,0.965,0.73625,TREE SKIRT,50
142690_TREE SKIRT_back.png,0.4954166666666666,0.453125,0.9691666666666666,0.72875,TREE SKIRT,50
142692_CHRISTMAS ORNAMENT_front.png,0.4629166666666666,0.49375,0.4491666666666666,0.9875,CHRISTMAS ORNAMENT,48
142692_CHRISTMAS ORNAMENT_back.png,0.4633333333333333,0.4953125,0.3866666666666666,0.990625,CHRISTMAS ORNAMENT,48
142693_GARLAND_front.png,0.495,0.405625,0.4583333333333333,0.81125,GARLAND,40
142693_GARLAND_back.png,0.4954166666666666,0.4603125,0.4441666666666666,0.920625,GARLAND,40
142694_CHRISTMAS ORNAMENT_front.png,0.4825,0.4871875,0.5783333333333334,0.974375,CHRISTMAS ORNAMENT,48
142694_CHRISTMAS ORNAMENT_back.png,0.4566666666666666,0.4903125,0.5033333333333333,0.849375,CHRISTMAS ORNAMENT,48
142695_CHRISTMAS ORNAMENT_front.png,0.4845833333333333,0.4915625,0.6025,0.933125,CHRISTMAS ORNAMENT,48
142695_CHRISTMAS ORNAMENT_back.png,0.4791666666666667,0.4965625,0.5966666666666667,0.910625,CHRISTMAS ORNAMENT,48
142696_STOCKING_front.png,0.4733333333333333,0.4940625,0.785,0.988125,STOCKING,4
142696_STOCKING_back.png,0.4820833333333333,0.4621875,0.5208333333333334,0.736875,STOCKING,4
142697_TREE SKIRT_front.png,0.5,0.500625,1.0,0.74125,TREE SKIRT,50
142697_TREE SKIRT_back.png,0.5,0.500625,1.0,0.74125,TREE SKIRT,50
142698_CHRISTMAS ORNAMENT_front.png,0.4983333333333333,0.47375,0.99,0.835,CHRISTMAS ORNAMENT,48
142698_CHRISTMAS ORNAMENT_back.png,0.415,0.4996875,0.7916666666666666,0.994375,CHRISTMAS ORNAMENT,48
142699_TREE SKIRT_front.png,0.5004166666666666,0.460625,0.9658333333333332,0.73375,TREE SKIRT,50
142699_TREE SKIRT_back.png,0.5029166666666667,0.4625,0.9658333333333332,0.73,TREE SKIRT,50
142701_TREE TOPPER_front.png,0.5,0.5053125,0.9366666666666666,0.954375,TREE TOPPER,51
142701_TREE TOPPER_back.png,0.49875,0.4953125,0.9725,0.940625,TREE TOPPER,51
142702_CHRISTMAS ORNAMENT_front.png,0.4329166666666666,0.4953125,0.5191666666666667,0.990625,CHRISTMAS ORNAMENT,48
142702_CHRISTMAS ORNAMENT_back.png,0.40375,0.4928125,0.6008333333333333,0.980625,CHRISTMAS ORNAMENT,48
142703_CHRISTMAS ORNAMENT_front.png,0.4954166666666666,0.4821875,0.9491666666666668,0.964375,CHRISTMAS ORNAMENT,48
142703_CHRISTMAS ORNAMENT_back.png,0.5108333333333334,0.4915625,0.6066666666666667,0.983125,CHRISTMAS ORNAMENT,48
142704_CHRISTMAS ORNAMENT_front.png,0.49875,0.45,0.9625,0.83625,CHRISTMAS ORNAMENT,48
142704_CHRISTMAS ORNAMENT_back.png,0.5033333333333333,0.466875,0.96,0.845,CHRISTMAS ORNAMENT,48
142705_TREE SKIRT_front.png,0.5008333333333334,0.49875,0.9166666666666666,0.71,TREE SKIRT,50
142705_TREE SKIRT_back.png,0.5008333333333334,0.49875,0.9166666666666666,0.71,TREE SKIRT,50
142706_STOCKING_front.png,0.4654166666666666,0.465625,0.7158333333333333,0.93125,STOCKING,4
142706_STOCKING_back.png,0.4995833333333333,0.50125,0.5925,0.885,STOCKING,4
142707_STOCKING_front.png,0.4779166666666666,0.5009375,0.6741666666666667,0.976875,STOCKING,4
142707_STOCKING_back.png,0.45,0.4978125,0.6916666666666667,0.984375,STOCKING,4
142708_STOCKING_front.png,0.4933333333333333,0.495625,0.9683333333333334,0.99125,STOCKING,4
142708_STOCKING_back.png,0.48875,0.455,0.9025,0.91,STOCKING,4
142709_TREE SKIRT_front.png,0.4995833333333333,0.50625,0.9358333333333332,0.705,TREE SKIRT,50
142709_TREE SKIRT_back.png,0.4995833333333333,0.50625,0.9358333333333332,0.705,TREE SKIRT,50
142710_CHRISTMAS ORNAMENT_front.png,0.4729166666666666,0.4684375,0.5191666666666667,0.936875,CHRISTMAS ORNAMENT,48
142710_CHRISTMAS ORNAMENT_back.png,0.5045833333333334,0.491875,0.3691666666666666,0.965,CHRISTMAS ORNAMENT,48
142711_CHRISTMAS ORNAMENT_front.png,0.5091666666666667,0.4275,0.8783333333333333,0.855,CHRISTMAS ORNAMENT,48
142711_CHRISTMAS ORNAMENT_back.png,0.4879166666666666,0.4771875,0.5275,0.948125,CHRISTMAS ORNAMENT,48
142712_CHRISTMAS ORNAMENT_front.png,0.5029166666666667,0.5446875,0.9625,0.265625,CHRISTMAS ORNAMENT,48
142712_CHRISTMAS ORNAMENT_back.png,0.49625,0.523125,0.9741666666666666,0.2725,CHRISTMAS ORNAMENT,48
142713_CHRISTMAS ORNAMENT_front.png,0.4941666666666666,0.4571875,0.965,0.914375,CHRISTMAS ORNAMENT,48
142713_CHRISTMAS ORNAMENT_back.png,0.5070833333333333,0.483125,0.9608333333333332,0.945,CHRISTMAS ORNAMENT,48
142714_CHRISTMAS ORNAMENT_front.png,0.4979166666666667,0.4446875,0.9458333333333332,0.889375,CHRISTMAS ORNAMENT,48
142714_CHRISTMAS ORNAMENT_back.png,0.4945833333333333,0.505625,0.8675,0.78625,CHRISTMAS ORNAMENT,48
142715_CHRISTMAS ORNAMENT_front.png,0.49875,0.4634375,0.9708333333333332,0.760625,CHRISTMAS ORNAMENT,48
142715_CHRISTMAS ORNAMENT_back.png,0.4983333333333333,0.4684375,0.9966666666666668,0.825625,CHRISTMAS ORNAMENT,48
142716_CHRISTMAS ORNAMENT_front.png,0.5,0.503125,1.0,0.775,CHRISTMAS ORNAMENT,48
142716_CHRISTMAS ORNAMENT_back.png,0.5,0.503125,1.0,0.775,CHRISTMAS ORNAMENT,48
142717_CHRISTMAS ORNAMENT_front.png,0.4829166666666666,0.41875,0.8941666666666667,0.8375,CHRISTMAS ORNAMENT,48
142717_CHRISTMAS ORNAMENT_back.png,0.48,0.359375,0.6066666666666667,0.71875,CHRISTMAS ORNAMENT,48
142718_STOCKING_front.png,0.4704166666666666,0.4890625,0.7691666666666667,0.978125,STOCKING,4
142718_STOCKING_back.png,0.47125,0.4865625,0.5241666666666667,0.778125,STOCKING,4
142719_BEACHWEAR_front.png,0.4983333333333333,0.5,0.6216666666666667,1.0,BEACHWEAR,52
142719_BEACHWEAR_back.png,0.5,0.50125,0.6633333333333333,0.9975,BEACHWEAR,52
142738_PHOTO FRAME_front.png,0.4970833333333333,0.4965625,0.7508333333333334,0.711875,PHOTO FRAME,12
142738_PHOTO FRAME_back.png,0.5154166666666666,0.4890625,0.7791666666666667,0.746875,PHOTO FRAME,12
142739_PHOTO FRAME_front.png,0.4970833333333333,0.4965625,0.7508333333333334,0.711875,PHOTO FRAME,12
142739_PHOTO FRAME_back.png,0.5154166666666666,0.4890625,0.7791666666666667,0.746875,PHOTO FRAME,12
142740_BOXES_front.png,0.5025,0.5234375,0.9616666666666668,0.403125,BOXES,13
142740_BOXES_back.png,0.5016666666666667,0.4853125,0.9383333333333334,0.708125,BOXES,13
142741_PHOTO FRAME_front.png,0.4933333333333333,0.4840625,0.6083333333333333,0.615625,PHOTO FRAME,12
142741_PHOTO FRAME_back.png,0.4958333333333333,0.4978125,0.9083333333333332,0.843125,PHOTO FRAME,12
142742_PHOTO FRAME_front.png,0.49375,0.4825,0.8941666666666667,0.83375,PHOTO FRAME,12
142742_PHOTO FRAME_back.png,0.6916666666666667,0.7075,0.585,0.55375,PHOTO FRAME,12
142745_PHOTO FRAME_front.png,0.49375,0.4825,0.8941666666666667,0.83375,PHOTO FRAME,12
142745_PHOTO FRAME_back.png,0.6916666666666667,0.7075,0.585,0.55375,PHOTO FRAME,12
142747_BOXES_front.png,0.4983333333333333,0.5109375,0.9516666666666668,0.415625,BOXES,13
142747_BOXES_back.png,0.50625,0.54375,0.9575,0.5,BOXES,13
142748_PHOTO FRAME_front.png,0.5,0.490625,0.9316666666666666,0.8875,PHOTO FRAME,12
142748_PHOTO FRAME_back.png,0.4854166666666666,0.5546875,0.9475,0.860625,PHOTO FRAME,12
142749_PHOTO FRAME_front.png,0.5,0.490625,0.9316666666666666,0.8875,PHOTO FRAME,12
142749_PHOTO FRAME_back.png,0.4854166666666666,0.5546875,0.9475,0.860625,PHOTO FRAME,12
142750_DECORATIVE PIECES_front.png,0.4970833333333333,0.3534375,0.9275,0.670625,DECORATIVE PIECES,14
142750_DECORATIVE PIECES_back.png,0.5029166666666667,0.3478125,0.8691666666666666,0.651875,DECORATIVE PIECES,14
142751_VASES_front.png,0.4975,0.50625,0.575,0.95,VASES,42
142751_VASES_back.png,0.4979166666666667,0.4859375,0.9175,0.650625,VASES,42
142752_VASES_front.png,0.4966666666666666,0.505625,0.5866666666666667,0.9675,VASES,42
142752_VASES_back.png,0.49875,0.5171875,0.9508333333333332,0.671875,VASES,42
142754_DECORATIVE PIECES_front.png,0.4820833333333333,0.5,0.5408333333333334,0.99375,DECORATIVE PIECES,14
142754_DECORATIVE PIECES_back.png,0.4820833333333333,0.501875,0.5425,0.99625,DECORATIVE PIECES,14
142755_BLOUSE_front.png,0.4795833333333333,0.5,0.8725,1.0,BLOUSE,23
142755_BLOUSE_back.png,0.5408333333333334,0.5028125,0.655,0.994375,BLOUSE,23
142756_RUNNER_front.png,0.5,0.5015625,1.0,0.415625,RUNNER,6
142756_RUNNER_back.png,0.5,0.505625,1.0,0.61375,RUNNER,6
142757_RUNNER_front.png,0.5020833333333333,0.5015625,0.9591666666666666,0.370625,RUNNER,6
142757_RUNNER_back.png,0.5,0.5,1.0,0.725,RUNNER,6
142758_RUNNER_front.png,0.5016666666666667,0.4978125,0.9966666666666668,0.384375,RUNNER,6
142758_RUNNER_back.png,0.509765625,0.514453125,0.94296875,0.67890625,RUNNER,6
142759_VASES_front.png,0.4975,0.495,0.58,0.965,VASES,42
142759_VASES_back.png,0.5258333333333334,0.49375,0.58,0.9625,VASES,42
142761_VASES_front.png,0.51375,0.504375,0.7508333333333334,0.94625,VASES,42
142761_VASES_back.png,0.48625,0.5034375,0.7508333333333334,0.946875,VASES,42
142762_RUNNER_front.png,0.5020833333333333,0.4965625,0.9958333333333332,0.386875,RUNNER,6
142762_RUNNER_back.png,0.5025,0.5078125,0.9866666666666668,0.521875,RUNNER,6
142763_VASES_front.png,0.51125,0.49125,0.9591666666666666,0.85,VASES,42
142763_VASES_back.png,0.4883333333333333,0.4946875,0.965,0.855625,VASES,42
142764_VASES_front.png,0.4929166666666666,0.5428125,0.9358333333333332,0.763125,VASES,42
142764_VASES_back.png,0.495,0.5121875,0.9383333333333334,0.754375,VASES,42
142765_VASES_front.png,0.5008333333333334,0.52375,0.86,0.81625,VASES,42
142765_VASES_back.png,0.5004166666666666,0.525,0.8608333333333333,0.8175,VASES,42
142766_VASES_front.png,0.5091666666666667,0.499375,0.835,0.63625,VASES,42
142766_VASES_back.png,0.4920833333333333,0.500625,0.9391666666666668,0.71625,VASES,42
142767_DECORATIVE PIECES_front.png,0.4954166666666666,0.5015625,0.9708333333333332,0.676875,DECORATIVE PIECES,14
142767_DECORATIVE PIECES_back.png,0.5041666666666667,0.521875,0.9833333333333332,0.51125,DECORATIVE PIECES,14
142768_VASES_front.png,0.505,0.52625,0.9683333333333334,0.71375,VASES,42
142768_VASES_back.png,0.5025,0.510625,0.9766666666666668,0.72,VASES,42
142769_LANTERNS_front.png,0.4675,0.4953125,0.66,0.990625,LANTERNS,53
142769_LANTERNS_back.png,0.4975,0.5,0.655,1.0,LANTERNS,53
142770_SWEATER_front.png,0.5020833333333333,0.5,0.5341666666666667,1.0,SWEATER,54
142770_SWEATER_back.png,0.5016666666666667,0.5,0.6216666666666667,1.0,SWEATER,54
142772_VASES_front.png,0.5054166666666666,0.5321875,0.7225,0.924375,VASES,42
142772_VASES_back.png,0.49875,0.4903125,0.6908333333333333,0.980625,VASES,42
142776_DECORATIVE PIECES_front.png,0.4983333333333333,0.4934375,0.9666666666666668,0.980625,DECORATIVE PIECES,14
142776_DECORATIVE PIECES_back.png,0.5091666666666667,0.508125,0.9216666666666666,0.98375,DECORATIVE PIECES,14
142780_BEACHWEAR_front.png,0.4879166666666666,0.5234375,0.5925,0.953125,BEACHWEAR,52
142780_BEACHWEAR_back.png,0.5,0.5,0.6866666666666666,1.0,BEACHWEAR,52
142782_TABLE CLOCK_front.png,0.4970833333333333,0.5009375,0.9858333333333332,0.699375,TABLE CLOCK,55
142782_TABLE CLOCK_back.png,0.4983333333333333,0.5028125,0.9816666666666668,0.698125,TABLE CLOCK,55
142783_DECORATIVE PIECES_front.png,0.485,0.4796875,0.6366666666666667,0.584375,DECORATIVE PIECES,14
142783_DECORATIVE PIECES_back.png,0.485,0.4796875,0.6366666666666667,0.584375,DECORATIVE PIECES,14
142784_DECORATIVE PIECES_front.png,0.5025,0.46625,0.8966666666666666,0.9275,DECORATIVE PIECES,14
142784_DECORATIVE PIECES_back.png,0.5033333333333333,0.489375,0.815,0.84125,DECORATIVE PIECES,14
142785_DECORATIVE PIECES_front.png,0.5025,0.46625,0.8966666666666666,0.9275,DECORATIVE PIECES,14
142785_DECORATIVE PIECES_back.png,0.5015625,0.548828125,0.63125,0.86484375,DECORATIVE PIECES,14
142786_SWEATERS_front.png,0.4983333333333333,0.4828125,0.9716666666666668,0.640625,SWEATERS,46
142786_SWEATERS_back.png,0.5016666666666667,0.468125,0.9966666666666668,0.805,SWEATERS,46
142793_PLACE MAT_front.png,0.505,0.4921875,0.92,0.675625,PLACE MAT,26
142793_PLACE MAT_back.png,0.4975,0.5015625,0.95,0.450625,PLACE MAT,26
142798_PLACE MAT_front.png,0.5129166666666667,0.49,0.9125,0.68375,PLACE MAT,26
142798_PLACE MAT_back.png,0.4966666666666666,0.5128125,0.985,0.741875,PLACE MAT,26
142799_RUNNER_front.png,0.5091666666666667,0.5003125,0.5116666666666667,0.994375,RUNNER,6
142799_RUNNER_back.png,0.4991666666666666,0.50625,0.4733333333333333,0.94125,RUNNER,6
142800_RUNNER_front.png,0.4745833333333333,0.4953125,0.4175,0.990625,RUNNER,6
142800_RUNNER_back.png,0.4679166666666666,0.5028125,0.4108333333333333,0.994375,RUNNER,6
142801_RUNNER_front.png,0.4641666666666666,0.505,0.4,0.99,RUNNER,6
142801_RUNNER_back.png,0.49375,0.4984375,0.3908333333333333,0.975625,RUNNER,6
142802_WINTER WEAR_front.png,0.4725,0.5,0.6583333333333333,1.0,WINTER WEAR,56
142802_WINTER WEAR_back.png,0.535,0.50625,0.6833333333333333,0.9875,WINTER WEAR,56
142803_RUNNER_front.png,0.5004166666666666,0.5,0.4975,1.0,RUNNER,6
142803_RUNNER_back.png,0.49875,0.5,0.4991666666666666,1.0,RUNNER,6
142804_RUNNER_front.png,0.51,0.50625,0.48,0.96875,RUNNER,6
142804_RUNNER_back.png,0.5179166666666667,0.503125,0.5141666666666667,0.95,RUNNER,6
142805_WINTER WEAR_front.png,0.4833333333333333,0.5,0.605,1.0,WINTER WEAR,56
142805_WINTER WEAR_back.png,0.5008333333333334,0.5,0.655,1.0,WINTER WEAR,56
142808_MIRRORS_front.png,0.5033333333333333,0.495625,0.6816666666666666,0.985,MIRRORS,57
142808_MIRRORS_back.png,0.5029166666666667,0.5015625,0.6875,0.965625,MIRRORS,57
142809_DINING TABLES_front.png,0.4916666666666666,0.5084375,0.9833333333333332,0.339375,DINING TABLES,58
142809_DINING TABLES_back.png,0.5858333333333333,0.4965625,0.77,0.223125,DINING TABLES,58
142810_DINING TABLES_front.png,0.4916666666666666,0.5084375,0.9833333333333332,0.339375,DINING TABLES,58
142810_DINING TABLES_back.png,0.5858333333333333,0.4965625,0.77,0.223125,DINING TABLES,58
142812_CONSOLE TABLES_front.png,0.5020833333333333,0.4971875,0.9858333333333332,0.260625,CONSOLE TABLES,59
142812_CONSOLE TABLES_back.png,0.4975,0.508125,0.9516666666666668,0.34625,CONSOLE TABLES,59
142813_MEDIA UNIT_back.png,0.5020833333333333,0.5,0.9708333333333332,0.3375,MEDIA UNIT,60
142813_MEDIA UNIT_front.png,0.5020833333333333,0.5046875,0.9708333333333332,0.290625,MEDIA UNIT,60
142814_BUFFETS & SIDEBOARDS_front.png,0.5025,0.5003125,0.9716666666666668,0.394375,BUFFETS & SIDEBOARDS,61
142815_CONSOLE TABLES_front.png,0.5008333333333334,0.4996875,0.9683333333333334,0.368125,CONSOLE TABLES,59
142815_CONSOLE TABLES_back.png,0.5008333333333334,0.501875,0.96,0.43375,CONSOLE TABLES,59
142814_BUFFETS & SIDEBOARDS_back.png,0.5016666666666667,0.5034375,0.935,0.418125,BUFFETS & SIDEBOARDS,61
142817_CHAIRS_back.png,0.50125,0.5009375,0.9008333333333334,0.961875,CHAIRS,62
142818_CHAIRS_front.png,0.5004166666666666,0.5015625,0.8858333333333334,0.908125,CHAIRS,62
142818_CHAIRS_back.png,0.5016666666666667,0.50125,0.8316666666666667,0.93,CHAIRS,62
142817_CHAIRS_front.png,0.5016666666666667,0.501875,0.9333333333333332,0.92625,CHAIRS,62
142822_TABLE BENCHES_front.png,0.5016666666666667,0.5009375,0.9516666666666668,0.264375,TABLE BENCHES,63
142822_TABLE BENCHES_back.png,0.5029166666666667,0.5140625,0.9358333333333332,0.315625,TABLE BENCHES,63
142830_COFFEE TABLE_front.png,0.4916666666666666,0.4840625,0.97,0.491875,COFFEE TABLE,64
142831_BAR TABLES_front.png,0.50625,0.5390625,0.9375,0.746875,BAR TABLES,65
142832_BUFFETS & SIDEBOARDS_front.png,0.5004166666666666,0.49875,0.9491666666666668,0.3775,BUFFETS & SIDEBOARDS,61
142832_BUFFETS & SIDEBOARDS_back.png,0.5008333333333334,0.5015625,0.9383333333333334,0.415625,BUFFETS & SIDEBOARDS,61
142833_JACKET_front.png,0.50625,0.5,0.9875,1.0,JACKET,45
142833_JACKET_back.png,0.5233333333333333,0.5,0.9533333333333334,1.0,JACKET,45
142836_PANT_front.png,0.5758333333333333,0.4746875,0.635,0.949375,PANT,9
142836_PANT_back.png,0.4970833333333333,0.4753125,0.6291666666666667,0.950625,PANT,9
142837_SWEATSHIRT_front.png,0.4954166666666666,0.4790625,0.9908333333333332,0.939375,SWEATSHIRT,44
142837_SWEATSHIRT_back.png,0.5016666666666667,0.48875,0.965,0.90875,SWEATSHIRT,44
142838_JACKET_front.png,0.51375,0.5,0.9341666666666668,1.0,JACKET,45
142838_JACKET_back.png,0.5266666666666666,0.5046875,0.6766666666666666,0.990625,JACKET,45
142841_JACKET_front.png,0.4995833333333333,0.5,0.9425,1.0,JACKET,45
142841_JACKET_back.png,0.5008333333333334,0.5,0.955,1.0,JACKET,45
142844_HOODIES_front.png,0.51,0.5,0.905,1.0,HOODIES,66
142844_HOODIES_back.png,0.5191666666666667,0.5140625,0.7483333333333333,0.971875,HOODIES,66
142846_JACKET_front.png,0.4845833333333333,0.5296875,0.6841666666666667,0.940625,JACKET,45
142846_JACKET_back.png,0.5029166666666667,0.5234375,0.7025,0.953125,JACKET,45
142847_SWEATSHIRT_front.png,0.5058333333333334,0.535625,0.5866666666666667,0.92875,SWEATSHIRT,44
142847_SWEATSHIRT_back.png,0.4754166666666666,0.5315625,0.6225,0.936875,SWEATSHIRT,44
142849_JACKET_front.png,0.4966666666666666,0.5,0.9933333333333332,1.0,JACKET,45
142849_JACKET_back.png,0.4883333333333333,0.5,0.9183333333333332,1.0,JACKET,45
142852_JACKET_front.png,0.5054166666666666,0.5,0.8391666666666666,1.0,JACKET,45
142852_JACKET_back.png,0.4779166666666666,0.521875,0.6475,0.95625,JACKET,45
142853_SWEATSHIRT_front.png,0.4866666666666667,0.510625,0.74,0.97875,SWEATSHIRT,44
142853_SWEATSHIRT_back.png,0.5175,0.5321875,0.595,0.935625,SWEATSHIRT,44
142855_CONSOLE TABLES_front.png,0.5025,0.52875,0.9666666666666668,0.40125,CONSOLE TABLES,59
142857_SHIRT_front.png,0.50375,0.541875,0.9541666666666668,0.595,SHIRT,2
142857_SHIRT_back.png,0.4945833333333333,0.5259375,0.9608333333333332,0.608125,SHIRT,2
142863_SWEATERS_front.png,0.5,0.5009375,0.9866666666666668,0.490625,SWEATERS,46
142863_SWEATERS_back.png,0.49875,0.4996875,0.9908333333333332,0.364375,SWEATERS,46
142874_COFFEE TABLE_front.png,0.50375,0.5321875,0.9558333333333332,0.593125,COFFEE TABLE,64
142874_COFFEE TABLE_back.png,0.5045833333333334,0.51,0.9791666666666666,0.535,COFFEE TABLE,64
142875_CONSOLE TABLES_front.png,0.49875,0.50625,0.9558333333333332,0.36625,CONSOLE TABLES,59
142876_RUNNER_front.png,0.5891666666666666,0.7996875,0.6033333333333334,0.383125,RUNNER,6
142876_RUNNER_back.png,0.4925,0.5046875,0.985,0.484375,RUNNER,6
142877_PLACE MAT_front.png,0.5008333333333334,0.4915625,0.97,0.719375,PLACE MAT,26
142909_VEST_front.png,0.46625,0.5,0.7208333333333333,1.0,VEST,67
142909_VEST_back.png,0.4983333333333333,0.50125,0.71,0.9975,VEST,67
142920_NAPKIN RING_front.png,0.4983333333333333,0.4828125,0.9583333333333334,0.620625,NAPKIN RING,37
142920_NAPKIN RING_back.png,0.4970833333333333,0.466875,0.8691666666666666,0.63875,NAPKIN RING,37
142921_NAPKIN RING_front.png,0.5108333333333334,0.5046875,0.7283333333333334,0.653125,NAPKIN RING,37
142921_NAPKIN RING_back.png,0.4720833333333333,0.49875,0.9058333333333334,0.78375,NAPKIN RING,37
142922_NAPKIN RING_front.png,0.5008333333333334,0.5,0.9833333333333332,0.79875,NAPKIN RING,37
142922_NAPKIN RING_back.png,0.5,0.5009375,0.9816666666666668,0.743125,NAPKIN RING,37
142924_COASTERS_front.png,0.5020833333333333,0.500625,0.9791666666666666,0.7325,COASTERS,36
142924_COASTERS_back.png,0.49875,0.500625,0.9841666666666666,0.73375,COASTERS,36
142925_COASTERS_front.png,0.5,0.4996875,0.9816666666666668,0.726875,COASTERS,36
142925_COASTERS_back.png,0.5004166666666666,0.5,0.9825,0.7425,COASTERS,36
142927_NAPKIN RING_front.png,0.4920833333333333,0.4740625,0.7891666666666667,0.560625,NAPKIN RING,37
142927_NAPKIN RING_back.png,0.5108333333333334,0.55,0.7016666666666667,0.54125,NAPKIN RING,37
142928_NAPKIN RING_front.png,0.5204166666666666,0.4875,0.8475,0.60625,NAPKIN RING,37
142928_NAPKIN RING_back.png,0.5045833333333334,0.4825,0.7458333333333333,0.5775,NAPKIN RING,37
142931_BEDDING SETS_front.png,0.501875,0.5563157894736842,0.76375,0.4305263157894737,BEDDING SETS,68
142931_BEDDING SETS_back.png,0.7,0.47,0.6,0.2894736842105263,BEDDING SETS,68
142932_BEDDING SETS_front.png,0.5,0.5,1.0,0.55625,BEDDING SETS,68
142932_BEDDING SETS_back.png,0.645,0.5203125,0.71,0.928125,BEDDING SETS,68
142933_BEDDING SETS_front.png,0.5,0.5,1.0,0.55625,BEDDING SETS,68
142933_BEDDING SETS_back.png,0.645,0.5203125,0.71,0.928125,BEDDING SETS,68
142936_SETS_front.png,0.505,0.496875,0.6283333333333333,0.975,SETS,69
142936_SETS_back.png,0.51875,0.5,0.7991666666666667,1.0,SETS,69
142939_DECORATIVE PIECES_front.png,0.5208333333333334,0.496875,0.73,0.95625,DECORATIVE PIECES,14
142941_DECORATIVE PIECES_front.png,0.4920833333333333,0.466875,0.8958333333333334,0.9025,DECORATIVE PIECES,14
142942_DECORATIVE PIECES_front.png,0.5016666666666667,0.5009375,0.9216666666666666,0.820625,DECORATIVE PIECES,14
142943_COASTERS_front.png,0.5016666666666667,0.34125,0.9216666666666666,0.31125,COASTERS,36
142944_CHARGER PLATES_front.png,0.5,0.5021875,0.925,0.368125,CHARGER PLATES,30
142945_DECORATIVE PIECES_front.png,0.5054166666666666,0.46,0.8791666666666667,0.8825,DECORATIVE PIECES,14
142946_DECORATIVE PIECES_front.png,0.5,0.4996875,0.925,0.811875,DECORATIVE PIECES,14
142948_DECORATIVE PIECES_front.png,0.5,0.5,0.9233333333333332,0.40375,DECORATIVE PIECES,14
142948_DECORATIVE PIECES_back.png,0.5033333333333333,0.45,0.98,0.7,DECORATIVE PIECES,14
142949_BOXES_front.png,0.5029166666666667,0.4921875,0.9191666666666668,0.846875,BOXES,13
142949_BOXES_back.png,0.4966666666666666,0.49625,0.56,0.95625,BOXES,13
142950_TOWELS_front.png,0.5108333333333334,0.459375,0.8466666666666667,0.525,TOWELS,70
142951_TOWELS_front.png,0.5108333333333334,0.459375,0.8466666666666667,0.525,TOWELS,70
142951_TOWELS_back.png,0.50125,0.500625,0.9908333333333332,0.7425,TOWELS,70
142950_TOWELS_back.png,0.50125,0.500625,0.9908333333333332,0.7425,TOWELS,70
142952_TOWELS_front.png,0.5108333333333334,0.459375,0.8466666666666667,0.525,TOWELS,70
142952_TOWELS_back.png,0.50125,0.500625,0.9908333333333332,0.7425,TOWELS,70
142953_BOXES_front.png,0.4995833333333333,0.4996875,0.9858333333333332,0.393125,BOXES,13
142953_BOXES_back.png,0.4991666666666666,0.4996875,0.985,0.699375,BOXES,13
142955_DECORATIVE PIECES_front.png,0.4991666666666666,0.5015625,0.99,0.381875,DECORATIVE PIECES,14
142957_SWEATER_back.png,0.5145833333333333,0.5015625,0.5841666666666666,0.996875,SWEATER,54
142958_LOUNGE WEAR_front.png,0.5016666666666667,0.4996875,0.4016666666666666,0.988125,LOUNGE WEAR,71
142957_SWEATER_front.png,0.4983333333333333,0.5,0.5883333333333334,1.0,SWEATER,54
142958_LOUNGE WEAR_back.png,0.5,0.4996875,0.385,0.988125,LOUNGE WEAR,71
142959_LOUNGE WEAR_front.png,0.5,0.4990625,0.4033333333333333,0.991875,LOUNGE WEAR,71
142959_LOUNGE WEAR_back.png,0.4995833333333333,0.5003125,0.4158333333333333,0.989375,LOUNGE WEAR,71
142960_SWEATER_back.png,0.5,0.5,0.6283333333333333,1.0,SWEATER,54
142960_SWEATER_front.png,0.5029166666666667,0.506875,0.6341666666666667,0.98625,SWEATER,54
142962_SWEATER_front.png,0.5004166666666666,0.5,0.6175,1.0,SWEATER,54
142962_SWEATER_back.png,0.5158333333333334,0.5,0.675,1.0,SWEATER,54
142963_BOXES_front.png,0.5016666666666667,0.515625,0.9783333333333334,0.3675,BOXES,13
142963_BOXES_back.png,0.5004166666666666,0.5153125,0.9758333333333332,0.370625,BOXES,13
142964_SWEATER_back.png,0.4795833333333333,0.5090625,0.7158333333333333,0.981875,SWEATER,54
142965_SWEATER_front.png,0.4941666666666666,0.5,0.68,1.0,SWEATER,54
142964_SWEATER_front.png,0.4841666666666667,0.5128125,0.6283333333333333,0.974375,SWEATER,54
142965_SWEATER_back.png,0.4916666666666666,0.5,0.7133333333333334,1.0,SWEATER,54
142967_SWEATER_front.png,0.4770833333333333,0.545,0.5825,0.91,SWEATER,54
142967_SWEATER_back.png,0.4870833333333333,0.5221875,0.6475,0.955625,SWEATER,54
142969_NAPKIN HOLDER_front.png,0.50625,0.4978125,0.9225,0.780625,NAPKIN HOLDER,72
142969_NAPKIN HOLDER_back.png,0.5,0.5,1.0,1.0,NAPKIN HOLDER,72
142971_SALT & PEPPER SHAKER_front.png,0.50125,0.4775,0.9708333333333332,0.32375,SALT & PEPPER SHAKER,73
142971_SALT & PEPPER SHAKER_back.png,0.50125,0.5003125,0.7658333333333334,0.963125,SALT & PEPPER SHAKER,73
142972_SALT & PEPPER SHAKER_front.png,0.7616666666666667,0.5028125,0.47,0.573125,SALT & PEPPER SHAKER,73
142972_SALT & PEPPER SHAKER_back.png,0.5295833333333333,0.520625,0.9408333333333332,0.95875,SALT & PEPPER SHAKER,73
142973_SALT & PEPPER SHAKER_front.png,0.7483333333333333,0.520625,0.46,0.77,SALT & PEPPER SHAKER,73
142973_SALT & PEPPER SHAKER_back.png,0.5529166666666666,0.5234375,0.8941666666666667,0.953125,SALT & PEPPER SHAKER,73
142974_SALT & PEPPER SHAKER_front.png,0.7483333333333333,0.5175,0.465,0.575,SALT & PEPPER SHAKER,73
142974_SALT & PEPPER SHAKER_back.png,0.5079166666666667,0.5734375,0.9225,0.853125,SALT & PEPPER SHAKER,73
142977_COASTERS_front.png,0.5033333333333333,0.6609375,0.86,0.458125,COASTERS,36
142977_COASTERS_back.png,0.5954166666666667,0.590625,0.8091666666666667,0.81875,COASTERS,36
142978_BASKETS & LAUNDRY BASKETS_front.png,0.5270833333333333,0.498125,0.7925,0.9775,BASKETS & LAUNDRY BASKETS,11
142978_BASKETS & LAUNDRY BASKETS_back.png,0.4779166666666666,0.49875,0.7925,0.97875,BASKETS & LAUNDRY BASKETS,11
142979_BASKETS & LAUNDRY BASKETS_front.png,0.4983333333333333,0.5040625,0.9283333333333332,0.956875,BASKETS & LAUNDRY BASKETS,11
142979_BASKETS & LAUNDRY BASKETS_back.png,0.5016666666666667,0.4815625,0.9333333333333332,0.663125,BASKETS & LAUNDRY BASKETS,11
142993_COASTERS_front.png,0.73625,0.6434375,0.4691666666666667,0.356875,COASTERS,36
142993_COASTERS_back.png,0.7225,0.536875,0.4716666666666667,0.6925,COASTERS,36
142994_CHARGER PLATES_front.png,0.5041666666666667,0.5046875,0.9116666666666666,0.569375,CHARGER PLATES,30
142994_CHARGER PLATES_back.png,0.5083333333333333,0.5040625,0.94,0.689375,CHARGER PLATES,30
142995_CUTLERY_front.png,0.7520833333333333,0.4971875,0.3191666666666666,0.970625,CUTLERY,33
142995_CUTLERY_back.png,0.2441666666666666,0.4915625,0.31,0.959375,CUTLERY,33
142996_WOODEN BOWL_front.png,0.50125,0.5046875,0.9591666666666666,0.369375,WOODEN BOWL,74
142996_WOODEN BOWL_back.png,0.5004166666666666,0.5015625,0.9341666666666668,0.706875,WOODEN BOWL,74
142997_WOODEN BOWL_front.png,0.5020833333333333,0.513125,0.9641666666666666,0.3525,WOODEN BOWL,74
142997_WOODEN BOWL_back.png,0.49625,0.4840625,0.9341666666666668,0.716875,WOODEN BOWL,74
142998_SERVING TRAYS_front.png,0.5045833333333334,0.4534375,0.9641666666666666,0.304375,SERVING TRAYS,38
142998_SERVING TRAYS_back.png,0.5016666666666667,0.5109375,0.9033333333333332,0.465625,SERVING TRAYS,38
142999_SERVING TRAYS_front.png,0.5029166666666667,0.4909375,0.9691666666666666,0.404375,SERVING TRAYS,38
142999_SERVING TRAYS_back.png,0.49625,0.4959375,0.9358333333333332,0.736875,SERVING TRAYS,38
143000_CUSHIONS_front.png,0.5033333333333333,0.525,0.9433333333333334,0.69375,CUSHIONS,1
143000_CUSHIONS_back.png,0.50875,0.505,0.9491666666666668,0.67875,CUSHIONS,1
143001_CUSHIONS_front.png,0.5183333333333333,0.5296875,0.925,0.671875,CUSHIONS,1
143001_CUSHIONS_back.png,0.50875,0.505,0.9491666666666668,0.67875,CUSHIONS,1
143002_CUSHIONS_front.png,0.4983333333333333,0.45125,0.9466666666666668,0.69125,CUSHIONS,1
143002_CUSHIONS_back.png,0.49625,0.4559375,0.9425,0.666875,CUSHIONS,1
143003_CUSHIONS_front.png,0.4916666666666666,0.5153125,0.9466666666666668,0.730625,CUSHIONS,1
143003_CUSHIONS_back.png,0.5158333333333334,0.5109375,0.9,0.678125,CUSHIONS,1
143004_CUSHIONS_front.png,0.5004166666666666,0.503125,0.9741666666666666,0.725,CUSHIONS,1
143004_CUSHIONS_back.png,0.50875,0.505,0.9491666666666668,0.67875,CUSHIONS,1
143005_CUSHIONS_front.png,0.4795833333333333,0.5125,0.9341666666666668,0.7125,CUSHIONS,1
143005_CUSHIONS_back.png,0.5158333333333334,0.5109375,0.9,0.678125,CUSHIONS,1
143009_CUSHIONS_front.png,0.50125,0.52625,0.9591666666666666,0.47,CUSHIONS,1
143009_CUSHIONS_back.png,0.49875,0.5215625,0.9475,0.486875,CUSHIONS,1
143010_RUNNER_front.png,0.50875,0.505,0.7008333333333333,0.9725,RUNNER,6
143011_RUNNER_front.png,0.4958333333333333,0.4953125,0.3316666666666666,0.939375,RUNNER,6
143011_RUNNER_back.png,0.505,0.5103125,0.875,0.533125,RUNNER,6
143022_COASTERS_front.png,0.5,0.475,0.9616666666666668,0.86625,COASTERS,36
143022_COASTERS_back.png,0.4908333333333333,0.4925,0.93,0.8275,COASTERS,36
143023_COASTERS_front.png,0.30125,0.475,0.4058333333333333,0.5925,COASTERS,36
143023_COASTERS_back.png,0.49125,0.493125,0.9708333333333332,0.70125,COASTERS,36
143028_PLACE MAT_front.png,0.4966666666666666,0.505625,0.9666666666666668,0.70875,PLACE MAT,26
143028_PLACE MAT_back.png,0.4983333333333333,0.5003125,0.945,0.689375,PLACE MAT,26
143029_PLACE MAT_front.png,0.50125,0.5046875,0.9575,0.694375,PLACE MAT,26
143029_PLACE MAT_back.png,0.4983333333333333,0.5003125,0.945,0.689375,PLACE MAT,26
143031_PLACE MAT_front.png,0.5033333333333333,0.4890625,0.915,0.670625,PLACE MAT,26
143031_PLACE MAT_back.png,0.4983333333333333,0.5003125,0.945,0.689375,PLACE MAT,26
143032_PLACE MAT_front.png,0.4970833333333333,0.483125,0.9225,0.68125,PLACE MAT,26
143032_PLACE MAT_back.png,0.4983333333333333,0.5003125,0.945,0.689375,PLACE MAT,26
143033_PLACE MAT_front.png,0.5,0.4984375,0.91,0.675625,PLACE MAT,26
143033_PLACE MAT_back.png,0.4983333333333333,0.5003125,0.945,0.689375,PLACE MAT,26
143034_PLACE MAT_front.png,0.4879166666666666,0.4903125,0.9041666666666668,0.663125,PLACE MAT,26
143034_PLACE MAT_back.png,0.4983333333333333,0.5003125,0.945,0.689375,PLACE MAT,26
143035_RUNNER_front.png,0.4845833333333333,0.47625,0.9608333333333332,0.265,RUNNER,6
143035_RUNNER_back.png,0.5020833333333333,0.499375,0.9475,0.255,RUNNER,6
143036_COASTERS_front.png,0.2679166666666667,0.5015625,0.4525,0.734375,COASTERS,36
143036_COASTERS_back.png,0.24625,0.4921875,0.4741666666666667,0.808125,COASTERS,36
143043_PLACE MAT_front.png,0.5058333333333334,0.5071875,0.93,0.688125,PLACE MAT,26
143043_PLACE MAT_back.png,0.4983333333333333,0.5003125,0.945,0.689375,PLACE MAT,26
143044_PLACE MAT_front.png,0.5041666666666667,0.476875,0.8966666666666666,0.66,PLACE MAT,26
143044_PLACE MAT_back.png,0.4983333333333333,0.5003125,0.945,0.689375,PLACE MAT,26
143047_COASTERS_front.png,0.5016666666666667,0.4971875,0.95,0.690625,COASTERS,36
143047_COASTERS_back.png,0.49125,0.493125,0.9708333333333332,0.70125,COASTERS,36
143094_HAND BAGS_front.png,0.4716666666666667,0.453125,0.7666666666666667,0.75125,HAND BAGS,75
143094_HAND BAGS_back.png,0.6466666666666666,0.5971875,0.2166666666666666,0.805625,HAND BAGS,75
143095_HAND BAGS_front.png,0.4945833333333333,0.4959375,0.5858333333333333,0.966875,HAND BAGS,75
143095_HAND BAGS_back.png,0.4904166666666666,0.4978125,0.6358333333333334,0.964375,HAND BAGS,75
143096_HAND BAGS_front.png,0.2808333333333333,0.4825,0.5233333333333333,0.4275,HAND BAGS,75
143098_SLING BAGS_front.png,0.4716666666666667,0.4784375,0.835,0.886875,SLING BAGS,76
143098_SLING BAGS_back.png,0.4945833333333333,0.500625,0.7775,0.91375,SLING BAGS,76
143099_HAND BAGS_front.png,0.5025,0.480625,0.8866666666666667,0.8475,HAND BAGS,75
143096_HAND BAGS_back.png,0.255,0.4890625,0.4833333333333333,0.396875,HAND BAGS,75
143099_HAND BAGS_back.png,0.5154166666666666,0.491875,0.8675,0.83375,HAND BAGS,75
143100_SLING BAGS_front.png,0.54125,0.8121875,0.4091666666666667,0.311875,SLING BAGS,76
143100_SLING BAGS_back.png,0.5120833333333333,0.81125,0.3341666666666666,0.31375,SLING BAGS,76
143176_PLACE MAT_front.png,0.505,0.535625,0.9533333333333334,0.71625,PLACE MAT,26
143176_PLACE MAT_back.png,0.5016666666666667,0.520625,0.9383333333333334,0.715,PLACE MAT,26
143178_COASTERS_front.png,0.23,0.290625,0.4316666666666666,0.34125,COASTERS,36
143178_COASTERS_back.png,0.2408333333333333,0.269375,0.435,0.33625,COASTERS,36
143180_COASTERS_front.png,0.5016666666666667,0.5425,0.9533333333333334,0.74,COASTERS,36
143180_COASTERS_back.png,0.505,0.499375,0.9433333333333334,0.71,COASTERS,36
143181_PLACE MAT_front.png,0.75625,0.7415625,0.4591666666666666,0.343125,PLACE MAT,26
143181_PLACE MAT_back.png,0.7541666666666667,0.2628125,0.45,0.354375,PLACE MAT,26
143182_COASTERS_front.png,0.5020833333333333,0.503125,0.9408333333333332,0.6075,COASTERS,36
143182_COASTERS_back.png,0.50125,0.501875,0.9575,0.2975,COASTERS,36
143183_NAPKIN RING_front.png,0.2633333333333333,0.285625,0.4666666666666667,0.37875,NAPKIN RING,37
143183_NAPKIN RING_back.png,0.5016666666666667,0.513125,0.915,0.49125,NAPKIN RING,37
143190_COASTERS_front.png,0.2475,0.7565625,0.495,0.379375,COASTERS,36
143190_COASTERS_back.png,0.2583333333333333,0.750625,0.4833333333333333,0.37375,COASTERS,36
143191_PLACE MAT_front.png,0.50375,0.5309375,0.9275,0.709375,PLACE MAT,26
143191_PLACE MAT_back.png,0.4991666666666666,0.51875,0.9483333333333334,0.72875,PLACE MAT,26
143192_PLACE MAT_front.png,0.50375,0.508125,0.9491666666666668,0.74625,PLACE MAT,26
143192_PLACE MAT_back.png,0.5008333333333334,0.5325,0.925,0.7225,PLACE MAT,26
143242_LAZY SUSANS_front.png,0.5004166666666666,0.5,0.9375,0.14125,LAZY SUSANS,77
143242_LAZY SUSANS_back.png,0.5016666666666667,0.51,0.9183333333333332,0.4225,LAZY SUSANS,77
143245_CUTLERY_front.png,0.5254166666666666,0.506875,0.3291666666666666,0.805,CUTLERY,33
143245_CUTLERY_back.png,0.5,0.8953125,1.0,0.209375,CUTLERY,33
143257_CAKE STAND_front.png,0.51375,0.4653125,0.8025,0.260625,CAKE STAND,35
143257_CAKE STAND_back.png,0.495,0.5396875,0.9283333333333332,0.289375,CAKE STAND,35
143266_NAPKIN_front.png,0.765,0.2609375,0.465,0.356875,NAPKIN,27
143266_NAPKIN_back.png,0.7420833333333333,0.2353125,0.4508333333333333,0.351875,NAPKIN,27
143267_NAPKIN_front.png,0.7516666666666667,0.261875,0.4783333333333333,0.3825,NAPKIN,27
143267_NAPKIN_back.png,0.7558333333333334,0.745625,0.455,0.315,NAPKIN,27
143268_COASTERS_front.png,0.7554166666666666,0.7315625,0.4558333333333333,0.346875,COASTERS,36
143268_COASTERS_back.png,0.7695833333333333,0.726875,0.4358333333333333,0.34375,COASTERS,36
143303_NAPKIN RING_front.png,0.5004166666666666,0.4996875,0.9375,0.763125,NAPKIN RING,37
143304_NAPKIN RING_front.png,0.5004166666666666,0.49875,0.9375,0.7725,NAPKIN RING,37
143305_COASTERS_front.png,0.4991666666666666,0.5,0.8916666666666667,0.57875,COASTERS,36
143305_COASTERS_back.png,0.7204166666666667,0.5046875,0.4908333333333333,0.300625,COASTERS,36
143306_COASTERS_front.png,0.51125,0.5096875,0.9075,0.554375,COASTERS,36
143306_COASTERS_back.png,0.71375,0.505,0.5008333333333334,0.315,COASTERS,36
143307_CAKE STAND_front.png,0.5041666666666667,0.4953125,0.9583333333333334,0.450625,CAKE STAND,35
143307_CAKE STAND_back.png,0.5004166666666666,0.4878125,0.9408333333333332,0.349375,CAKE STAND,35
143309_CUTLERY_front.png,0.4925,0.49625,0.845,0.63375,CUTLERY,33
143309_CUTLERY_back.png,0.4991666666666666,0.505,0.9116666666666666,0.6875,CUTLERY,33
143319_HAND BAGS_front.png,0.4995833333333333,0.4984375,0.6525,0.958125,HAND BAGS,75
143319_HAND BAGS_back.png,0.5004166666666666,0.5009375,0.4758333333333333,0.958125,HAND BAGS,75
143320_HAND BAGS_front.png,0.5241666666666667,0.49125,0.7366666666666667,0.94875,HAND BAGS,75
143320_HAND BAGS_back.png,0.5083333333333333,0.496875,0.7266666666666667,0.935,HAND BAGS,75
143321_HAND BAGS_front.png,0.51125,0.4946875,0.7525,0.970625,HAND BAGS,75
143321_HAND BAGS_back.png,0.3620833333333333,0.726875,0.3125,0.24125,HAND BAGS,75
143322_HAND BAGS_front.png,0.4995833333333333,0.4671875,0.9241666666666668,0.839375,HAND BAGS,75
143322_HAND BAGS_back.png,0.4845833333333333,0.46125,0.8541666666666666,0.7675,HAND BAGS,75
143323_HAND BAGS_front.png,0.4925,0.4484375,0.9283333333333332,0.834375,HAND BAGS,75
143323_HAND BAGS_back.png,0.4966666666666666,0.4671875,0.95,0.856875,HAND BAGS,75
143324_HAND BAGS_front.png,0.5045833333333334,0.48875,0.9158333333333334,0.82625,HAND BAGS,75
143324_HAND BAGS_back.png,0.5125,0.460625,0.925,0.84125,HAND BAGS,75
143326_HAND BAGS_front.png,0.48875,0.4384375,0.9475,0.564375,HAND BAGS,75
143326_HAND BAGS_back.png,0.4754166666666666,0.5103125,0.8125,0.708125,HAND BAGS,75
143328_HAND BAGS_front.png,0.49125,0.426875,0.8241666666666667,0.6575,HAND BAGS,75
143328_HAND BAGS_back.png,0.4875,0.4990625,0.8416666666666667,0.923125,HAND BAGS,75
143329_HAND BAGS_front.png,0.4975,0.4840625,0.8483333333333334,0.798125,HAND BAGS,75
143329_HAND BAGS_back.png,0.4920833333333333,0.53,0.4625,0.60125,HAND BAGS,75
143330_HAND BAGS_front.png,0.50625,0.4875,0.8308333333333333,0.96875,HAND BAGS,75
143330_HAND BAGS_back.png,0.5070833333333333,0.4890625,0.8041666666666667,0.946875,HAND BAGS,75
143334_POTHOLDERS_front.png,0.5070833333333333,0.4475,0.9658333333333332,0.28625,POTHOLDERS,78
143334_POTHOLDERS_back.png,0.4954166666666666,0.5009375,0.9458333333333332,0.314375,POTHOLDERS,78
143335_HAND BAGS_front.png,0.53375,0.454375,0.8108333333333333,0.84,HAND BAGS,75
143335_HAND BAGS_back.png,0.5020833333333333,0.4446875,0.8591666666666666,0.795625,HAND BAGS,75
143337_HAND BAGS_front.png,0.4966666666666666,0.444375,0.9116666666666666,0.83875,HAND BAGS,75
143337_HAND BAGS_back.png,0.4908333333333333,0.55625,0.93,0.47875,HAND BAGS,75
143338_HAND BAGS_front.png,0.5083333333333333,0.50625,0.8833333333333333,0.55625,HAND BAGS,75
